degree, degree cent., max neighbor degree, min neighbor degree, avg neighbor degree, std neighbor degree, eigenvector cent., closeness cent., harmonic cent., betweenness cent., coloring largest first, coloring smallest last, coloring independent set, coloring random sequential,coloring connected sequential dfs, coloring connected sequential bfs, edges within egonet, node clique number, number of cliques, clustering coef., square clustering coef., page rank, hubs value, triangles, core number, random, 0,1,2,3,4,5,6,7,8,9,10,11,12,13,14,15,16,17,18,19,20,21,22,23,24,25,26,27,28,29,30,31,32,33,34,35,36,37,38,39,40,41,42,43,44,45,46,47,48,49,50,51,52,53,54,55,56,57,58,59,60,61,62,63,64,65,66,67,68,69,70,71,72, Target 
45.0,0.3629032258064516,44.0,11.0,24.333333333333332,9.148163142887697,0.2218853002245599,0.4881889763779528,76.49999999999999,0.026312797965299402,0.0,7.0,9.0,13.0,0.0,0.0,502.0,11.0,458.0,0.4616161616161616,0.3484397332062887,0.019595501790399587,0.03181078620684844,457.0,17.0,-0.6751606202573888,1.0,1.0,1.0,1.0,1.0,1.0,1.0,1.0,1.0,1.0,1.0,1.0,1.0,1.0,1.0,1.0,1.0,1.0,1.0,1.0,1.0,1.0,1.0,1.0,1.0,1.0,1.0,1.0,1.0,1.0,1.0,1.0,1.0,1.0,1.0,1.0,1.0,1.0,1.0,1.0,1.0,1.0,1.0,1.0,1.0,1.0,1.0,1.0,0.0,1.0,1.0,1.0,1.0,1.0,1.0,1.0,1.0,1.0,0.0,1.0,1.0,1.0,1.0,1.0,1.0,1.0,1.0,1.0,1.0,1.0,1.0,1.0,1.0,0.0
15.0,0.12096774193548387,45.0,21.0,34.8,6.794115100585211,0.09902052986128508,0.38271604938271603,56.73333333333343,0.0006328795136932488,9.0,2.0,0.0,0.0,1.0,1.0,99.0,9.0,26.0,0.8,0.509475059899804,0.007032949580404638,0.014141245710246438,84.0,15.0,0.23833547648777598,1.0,1.0,1.0,1.0,1.0,1.0,1.0,1.0,1.0,1.0,1.0,1.0,1.0,1.0,1.0,1.0,1.0,1.0,1.0,1.0,1.0,1.0,1.0,0.0,1.0,1.0,1.0,1.0,1.0,1.0,1.0,1.0,1.0,1.0,1.0,1.0,1.0,1.0,1.0,1.0,1.0,1.0,1.0,1.0,1.0,1.0,1.0,1.0,1.0,1.0,1.0,1.0,1.0,1.0,1.0,1.0,1.0,1.0,1.0,1.0,1.0,1.0,1.0,1.0,1.0,1.0,1.0,1.0,1.0,1.0,1.0,1.0,1.0,0.0
13.0,0.10483870967741934,45.0,3.0,31.23076923076923,11.060350850978715,0.07688491608845147,0.38509316770186336,56.23333333333342,0.02090466103048469,5.0,3.0,1.0,1.0,1.0,1.0,66.0,9.0,8.0,0.6794871794871795,0.42327878974992283,0.007096947268409684,0.010979635758319358,53.0,12.0,-1.2774933466960847,1.0,1.0,1.0,1.0,1.0,1.0,1.0,1.0,1.0,1.0,1.0,1.0,1.0,1.0,1.0,1.0,1.0,1.0,1.0,1.0,1.0,1.0,1.0,1.0,1.0,1.0,1.0,1.0,1.0,1.0,1.0,1.0,1.0,1.0,1.0,1.0,1.0,1.0,1.0,1.0,1.0,1.0,1.0,1.0,1.0,1.0,1.0,1.0,1.0,1.0,1.0,1.0,1.0,1.0,1.0,1.0,1.0,1.0,1.0,1.0,1.0,1.0,1.0,1.0,1.0,1.0,1.0,1.0,1.0,1.0,1.0,1.0,1.0,0.0
12.0,0.0967741935483871,45.0,4.0,31.833333333333332,11.193996406804656,0.07118338974271252,0.38509316770186336,55.70000000000008,0.00749569149469838,5.0,2.0,0.0,0.0,1.0,1.0,52.0,6.0,18.0,0.6060606060606061,0.4219529579472559,0.006502886442513843,0.01015633998863549,40.0,11.0,0.3243706714611715,1.0,1.0,1.0,1.0,1.0,1.0,1.0,1.0,1.0,1.0,1.0,1.0,1.0,1.0,1.0,1.0,1.0,1.0,1.0,1.0,1.0,1.0,1.0,1.0,1.0,1.0,1.0,1.0,1.0,1.0,1.0,1.0,1.0,1.0,1.0,1.0,1.0,1.0,1.0,1.0,1.0,1.0,1.0,1.0,1.0,1.0,1.0,1.0,1.0,1.0,1.0,1.0,1.0,1.0,1.0,1.0,1.0,1.0,1.0,1.0,1.0,1.0,1.0,1.0,1.0,1.0,1.0,1.0,1.0,1.0,1.0,1.0,1.0,0.0
19.0,0.1532258064516129,45.0,20.0,32.8421052631579,7.2421511626452455,0.11841149467965789,0.40789473684210525,60.4500000000001,0.002529339768253168,10.0,8.0,0.0,0.0,1.0,1.0,139.0,9.0,51.0,0.7017543859649122,0.4637163276525563,0.008712302911511854,0.01690612273114247,120.0,17.0,-1.9307313197856548,1.0,1.0,1.0,1.0,1.0,1.0,1.0,1.0,1.0,1.0,1.0,1.0,1.0,1.0,1.0,1.0,1.0,1.0,1.0,1.0,1.0,1.0,1.0,1.0,1.0,1.0,1.0,1.0,1.0,1.0,1.0,1.0,1.0,1.0,1.0,1.0,1.0,1.0,1.0,1.0,1.0,1.0,1.0,1.0,1.0,1.0,1.0,1.0,1.0,1.0,1.0,1.0,1.0,1.0,1.0,1.0,1.0,1.0,1.0,1.0,1.0,1.0,1.0,1.0,1.0,1.0,1.0,1.0,1.0,1.0,1.0,1.0,1.0,0.0
19.0,0.1532258064516129,45.0,7.0,31.05263157894737,8.840538708344623,0.11259422871074304,0.4175084175084175,61.2500000000001,0.035566838513730874,5.0,3.0,0.0,0.0,1.0,1.0,128.0,9.0,44.0,0.6374269005847953,0.42735527809307605,0.009401576280809917,0.016081805586306598,109.0,17.0,-1.0401103195332628,1.0,1.0,1.0,1.0,1.0,1.0,1.0,1.0,1.0,1.0,1.0,1.0,1.0,1.0,1.0,1.0,1.0,1.0,1.0,1.0,1.0,1.0,1.0,1.0,1.0,1.0,1.0,1.0,1.0,1.0,1.0,1.0,1.0,1.0,1.0,1.0,1.0,1.0,1.0,1.0,1.0,1.0,1.0,1.0,1.0,1.0,1.0,1.0,1.0,1.0,1.0,1.0,1.0,1.0,1.0,1.0,1.0,1.0,1.0,1.0,1.0,1.0,1.0,1.0,1.0,1.0,1.0,1.0,1.0,1.0,1.0,1.0,1.0,0.0
18.0,0.14516129032258063,45.0,3.0,31.166666666666668,11.795714852813663,0.10597969750794324,0.40522875816993464,59.950000000000095,0.04389312182479309,8.0,10.0,1.0,0.0,1.0,1.0,111.0,11.0,17.0,0.6078431372549019,0.4235127478753541,0.009810138165544498,0.015126351634969431,93.0,16.0,2.3531368473907635,1.0,1.0,1.0,1.0,1.0,1.0,1.0,1.0,1.0,1.0,1.0,1.0,1.0,1.0,1.0,1.0,1.0,1.0,1.0,1.0,1.0,1.0,1.0,1.0,1.0,1.0,1.0,1.0,1.0,1.0,1.0,1.0,1.0,1.0,1.0,1.0,1.0,1.0,1.0,1.0,1.0,1.0,1.0,1.0,1.0,1.0,1.0,1.0,1.0,1.0,1.0,1.0,1.0,1.0,1.0,1.0,1.0,1.0,1.0,1.0,1.0,1.0,1.0,1.0,1.0,1.0,1.0,1.0,1.0,1.0,1.0,1.0,1.0,0.0
11.0,0.08870967741935484,45.0,3.0,28.454545454545453,11.484088885090586,0.059921196633193,0.36578171091445427,53.55000000000008,0.02433973611820565,4.0,0.0,0.0,2.0,1.0,1.0,41.0,6.0,9.0,0.5454545454545454,0.37482582443102647,0.006404741532658563,0.008563745685264482,30.0,10.0,1.2303620115325058,1.0,1.0,1.0,1.0,1.0,1.0,1.0,1.0,1.0,1.0,1.0,1.0,1.0,1.0,1.0,1.0,1.0,1.0,1.0,1.0,1.0,1.0,1.0,1.0,1.0,1.0,1.0,1.0,1.0,1.0,1.0,1.0,1.0,1.0,1.0,1.0,1.0,1.0,1.0,1.0,1.0,1.0,1.0,1.0,1.0,1.0,1.0,1.0,1.0,1.0,1.0,1.0,1.0,1.0,1.0,1.0,1.0,1.0,1.0,1.0,1.0,1.0,1.0,1.0,1.0,1.0,1.0,1.0,1.0,1.0,1.0,1.0,1.0,0.0
19.0,0.1532258064516129,45.0,6.0,31.894736842105264,10.637049139889886,0.11282148216963603,0.43356643356643354,62.666666666666764,0.055820336086077026,9.0,8.0,0.0,0.0,1.0,1.0,123.0,10.0,37.0,0.6081871345029239,0.4200712914724431,0.010156367511156417,0.016092315368096452,104.0,16.0,1.3659886898868634,1.0,1.0,1.0,1.0,1.0,1.0,1.0,1.0,1.0,1.0,1.0,1.0,1.0,1.0,1.0,1.0,1.0,1.0,1.0,1.0,1.0,1.0,1.0,1.0,1.0,1.0,1.0,1.0,1.0,1.0,1.0,1.0,1.0,1.0,1.0,1.0,1.0,1.0,1.0,1.0,1.0,1.0,1.0,1.0,1.0,1.0,1.0,1.0,1.0,1.0,1.0,1.0,1.0,1.0,1.0,1.0,1.0,1.0,1.0,1.0,1.0,1.0,1.0,1.0,1.0,1.0,1.0,1.0,1.0,1.0,1.0,1.0,1.0,0.0
12.0,0.0967741935483871,45.0,24.0,34.916666666666664,7.5217277861465375,0.07882525682992939,0.3712574850299401,54.43333333333342,0.00046001848523566683,7.0,2.0,0.0,0.0,1.0,1.0,63.0,8.0,11.0,0.7727272727272727,0.5185699409927108,0.0058788354337463156,0.011250509867412758,51.0,12.0,-0.2604885137870984,1.0,1.0,1.0,1.0,1.0,1.0,1.0,1.0,1.0,1.0,1.0,1.0,1.0,1.0,1.0,1.0,1.0,1.0,1.0,1.0,1.0,1.0,1.0,0.0,1.0,1.0,1.0,1.0,1.0,1.0,1.0,1.0,1.0,1.0,1.0,1.0,1.0,1.0,1.0,1.0,1.0,1.0,1.0,1.0,1.0,1.0,1.0,1.0,1.0,1.0,1.0,1.0,1.0,1.0,1.0,1.0,1.0,1.0,1.0,1.0,1.0,1.0,1.0,1.0,1.0,1.0,1.0,1.0,1.0,1.0,1.0,1.0,1.0,0.0
23.0,0.18548387096774194,45.0,21.0,32.30434782608695,6.905793299571623,0.1422867242896786,0.41333333333333333,62.61666666666676,0.002703264445114053,10.0,8.0,0.0,0.0,1.0,1.0,202.0,11.0,98.0,0.7075098814229249,0.45850211964201604,0.010244618710321346,0.02032662490135685,179.0,17.0,0.041199605672793536,1.0,1.0,1.0,1.0,1.0,1.0,1.0,1.0,1.0,1.0,1.0,1.0,1.0,1.0,1.0,1.0,1.0,1.0,1.0,1.0,1.0,1.0,1.0,1.0,1.0,1.0,1.0,1.0,1.0,1.0,1.0,1.0,1.0,1.0,1.0,1.0,1.0,1.0,1.0,1.0,1.0,1.0,1.0,1.0,1.0,1.0,1.0,1.0,1.0,1.0,1.0,1.0,1.0,1.0,1.0,1.0,1.0,1.0,1.0,1.0,1.0,1.0,1.0,1.0,1.0,1.0,1.0,1.0,1.0,1.0,1.0,1.0,1.0,0.0
14.0,0.11290322580645161,45.0,21.0,34.07142857142857,7.20579415385668,0.09023042241513672,0.3862928348909657,56.533333333333424,0.0012511658064885453,5.0,3.0,0.0,0.0,1.0,1.0,81.0,8.0,22.0,0.7362637362637363,0.49062816616008104,0.006706694826137949,0.012881228327192597,67.0,14.0,0.7445880102790289,1.0,1.0,1.0,1.0,1.0,1.0,1.0,1.0,1.0,1.0,1.0,1.0,1.0,1.0,1.0,1.0,1.0,1.0,1.0,1.0,1.0,1.0,1.0,0.0,1.0,1.0,1.0,1.0,1.0,1.0,1.0,1.0,1.0,1.0,1.0,1.0,1.0,1.0,1.0,1.0,1.0,1.0,1.0,1.0,1.0,1.0,1.0,1.0,1.0,1.0,1.0,1.0,1.0,1.0,1.0,1.0,1.0,1.0,1.0,1.0,1.0,1.0,1.0,1.0,1.0,1.0,1.0,1.0,1.0,1.0,1.0,1.0,1.0,0.0
13.0,0.10483870967741934,45.0,6.0,33.07692307692308,10.730700303059574,0.08074376433620375,0.38390092879256965,55.98333333333342,0.005149251282683269,6.0,8.0,0.0,1.0,1.0,1.0,67.0,9.0,9.0,0.6923076923076923,0.4562760261748959,0.0067512794875156466,0.011524331699348177,54.0,12.0,-1.630020723597074,1.0,1.0,1.0,1.0,1.0,1.0,1.0,1.0,1.0,1.0,1.0,1.0,1.0,1.0,1.0,1.0,1.0,1.0,1.0,1.0,1.0,1.0,1.0,1.0,1.0,1.0,1.0,1.0,1.0,1.0,1.0,1.0,1.0,1.0,1.0,1.0,1.0,1.0,1.0,1.0,1.0,1.0,1.0,1.0,1.0,1.0,1.0,1.0,1.0,1.0,1.0,1.0,1.0,1.0,1.0,1.0,1.0,1.0,1.0,1.0,1.0,1.0,1.0,1.0,1.0,1.0,1.0,1.0,1.0,1.0,1.0,1.0,1.0,0.0
16.0,0.12903225806451613,45.0,21.0,34.375,6.808771915698161,0.10528854649246702,0.38271604938271603,57.06666666666676,0.0005710139912767034,10.0,8.0,0.0,0.0,1.0,1.0,112.0,11.0,22.0,0.8,0.5110166215693854,0.007379898144455065,0.015043170210805958,96.0,16.0,0.4395478631955873,1.0,1.0,1.0,1.0,1.0,1.0,1.0,1.0,1.0,1.0,1.0,1.0,1.0,1.0,1.0,1.0,1.0,1.0,1.0,1.0,1.0,1.0,1.0,0.0,1.0,1.0,1.0,1.0,1.0,1.0,1.0,1.0,1.0,1.0,1.0,1.0,1.0,1.0,1.0,1.0,1.0,1.0,1.0,1.0,1.0,1.0,1.0,1.0,1.0,1.0,1.0,1.0,1.0,1.0,1.0,1.0,1.0,1.0,1.0,1.0,1.0,1.0,1.0,1.0,1.0,1.0,1.0,1.0,1.0,1.0,1.0,1.0,1.0,0.0
18.0,0.14516129032258063,45.0,5.0,30.72222222222222,9.538259540488946,0.10526976521487257,0.4025974025974026,59.93333333333343,0.014711601526439544,8.0,8.0,0.0,2.0,1.0,1.0,115.0,9.0,28.0,0.6339869281045751,0.41532835108920335,0.009014813213315846,0.015036712066039362,97.0,16.0,0.575028402524647,1.0,1.0,1.0,1.0,1.0,1.0,1.0,1.0,1.0,1.0,1.0,1.0,1.0,1.0,1.0,1.0,1.0,1.0,1.0,1.0,1.0,1.0,1.0,1.0,1.0,1.0,1.0,1.0,1.0,1.0,1.0,1.0,1.0,1.0,1.0,1.0,1.0,1.0,1.0,1.0,1.0,1.0,1.0,1.0,1.0,1.0,1.0,1.0,1.0,1.0,1.0,1.0,1.0,1.0,1.0,1.0,1.0,1.0,1.0,1.0,1.0,1.0,1.0,1.0,1.0,1.0,1.0,1.0,1.0,1.0,1.0,1.0,1.0,0.0
16.0,0.12903225806451613,45.0,3.0,31.5,10.18577439373168,0.09595002574056037,0.3862928348909657,57.550000000000104,0.017048157760615225,8.0,8.0,1.0,1.0,1.0,1.0,94.0,10.0,12.0,0.65,0.43884314119301066,0.008178378112324575,0.013701752439959167,78.0,15.0,0.3028901228432975,1.0,1.0,1.0,1.0,1.0,1.0,1.0,1.0,1.0,1.0,1.0,1.0,1.0,1.0,1.0,1.0,1.0,1.0,1.0,1.0,1.0,1.0,1.0,1.0,1.0,1.0,1.0,1.0,1.0,1.0,1.0,1.0,1.0,1.0,1.0,1.0,1.0,1.0,1.0,1.0,1.0,1.0,1.0,1.0,1.0,1.0,1.0,1.0,1.0,1.0,1.0,1.0,1.0,1.0,1.0,1.0,1.0,1.0,1.0,1.0,1.0,1.0,1.0,1.0,1.0,1.0,1.0,1.0,1.0,1.0,1.0,1.0,1.0,0.0
14.0,0.11290322580645161,45.0,24.0,34.5,6.69488077350363,0.0920806130241612,0.3803680981595092,55.86666666666677,0.0007458932106821657,4.0,4.0,0.0,0.0,1.0,1.0,84.0,10.0,13.0,0.7692307692307693,0.5180937818552498,0.006628931921116686,0.013150806042682942,70.0,14.0,-0.984170146500288,1.0,1.0,1.0,1.0,1.0,1.0,1.0,1.0,1.0,1.0,1.0,1.0,1.0,1.0,1.0,1.0,1.0,1.0,1.0,1.0,1.0,1.0,1.0,0.0,1.0,1.0,1.0,1.0,1.0,1.0,1.0,1.0,1.0,1.0,1.0,1.0,1.0,1.0,1.0,1.0,1.0,1.0,1.0,1.0,1.0,1.0,1.0,1.0,1.0,1.0,1.0,1.0,1.0,1.0,1.0,1.0,1.0,1.0,1.0,1.0,1.0,1.0,1.0,1.0,1.0,1.0,1.0,1.0,1.0,1.0,1.0,1.0,1.0,0.0
25.0,0.20161290322580644,45.0,4.0,30.2,10.229369482035537,0.14355258239954535,0.42758620689655175,64.70000000000009,0.034994055542911934,9.0,8.0,0.0,11.0,1.0,1.0,204.0,10.0,119.0,0.5966666666666667,0.40499386000818666,0.012369490333548212,0.020497280463659333,179.0,17.0,-0.02692308275876678,1.0,1.0,1.0,1.0,1.0,1.0,1.0,1.0,1.0,1.0,1.0,1.0,1.0,1.0,1.0,1.0,1.0,1.0,1.0,1.0,1.0,1.0,1.0,1.0,1.0,1.0,1.0,1.0,1.0,1.0,1.0,1.0,1.0,1.0,1.0,1.0,1.0,1.0,1.0,1.0,1.0,1.0,1.0,1.0,1.0,1.0,1.0,1.0,1.0,1.0,1.0,1.0,1.0,1.0,1.0,1.0,1.0,1.0,1.0,1.0,1.0,1.0,1.0,1.0,1.0,1.0,1.0,1.0,1.0,1.0,1.0,1.0,1.0,0.0
16.0,0.12903225806451613,45.0,21.0,33.375,7.817248556877285,0.10208046951336287,0.37349397590361444,56.3000000000001,0.0007702386832944202,7.0,0.0,0.0,0.0,1.0,1.0,103.0,9.0,36.0,0.725,0.4935116004718836,0.007375759688984242,0.0145815241720849,87.0,16.0,-1.7900963957931622,1.0,1.0,1.0,1.0,1.0,1.0,1.0,1.0,1.0,1.0,1.0,1.0,1.0,1.0,1.0,1.0,1.0,1.0,1.0,1.0,1.0,1.0,1.0,1.0,1.0,1.0,1.0,1.0,1.0,1.0,1.0,1.0,1.0,1.0,1.0,1.0,1.0,1.0,1.0,1.0,1.0,1.0,1.0,1.0,1.0,1.0,1.0,1.0,1.0,1.0,1.0,1.0,1.0,1.0,1.0,1.0,1.0,1.0,1.0,1.0,1.0,1.0,1.0,1.0,1.0,1.0,1.0,1.0,1.0,1.0,1.0,1.0,1.0,0.0
22.0,0.1774193548387097,45.0,18.0,32.59090909090909,7.364898881667696,0.13800576682799076,0.40924092409240925,61.9000000000001,0.0023390290946660266,10.0,8.0,0.0,11.0,11.0,2.0,194.0,11.0,72.0,0.7445887445887446,0.47069143446852424,0.009860147147407,0.01972230482582105,172.0,17.0,-0.18166189834710833,1.0,1.0,1.0,1.0,1.0,1.0,1.0,1.0,1.0,1.0,1.0,1.0,1.0,1.0,1.0,1.0,1.0,1.0,1.0,1.0,1.0,1.0,1.0,1.0,1.0,1.0,1.0,1.0,1.0,1.0,1.0,1.0,1.0,1.0,1.0,1.0,1.0,1.0,1.0,1.0,1.0,1.0,1.0,1.0,1.0,1.0,1.0,1.0,1.0,1.0,1.0,1.0,1.0,1.0,1.0,1.0,1.0,1.0,1.0,1.0,1.0,1.0,1.0,1.0,1.0,1.0,1.0,1.0,1.0,1.0,1.0,1.0,1.0,0.0
14.0,0.11290322580645161,45.0,21.0,32.785714285714285,7.902789484267759,0.08649881732308694,0.389937106918239,57.06666666666676,0.0018859084959659729,8.0,8.0,0.0,0.0,1.0,1.0,77.0,8.0,15.0,0.6923076923076923,0.4551298534327591,0.006802850819212657,0.012345744648418712,63.0,14.0,0.18398749982538218,1.0,1.0,1.0,1.0,1.0,1.0,1.0,1.0,1.0,1.0,1.0,1.0,1.0,1.0,1.0,1.0,1.0,1.0,1.0,1.0,1.0,1.0,1.0,1.0,1.0,1.0,1.0,1.0,1.0,1.0,1.0,1.0,1.0,1.0,1.0,1.0,1.0,1.0,1.0,1.0,1.0,1.0,1.0,1.0,1.0,1.0,1.0,1.0,1.0,1.0,1.0,1.0,1.0,1.0,1.0,1.0,1.0,1.0,1.0,1.0,1.0,1.0,1.0,1.0,1.0,1.0,1.0,1.0,1.0,1.0,1.0,1.0,1.0,0.0
42.0,0.3387096774193548,45.0,4.0,24.19047619047619,9.78394723936952,0.2067839792087624,0.4626865671641791,73.74999999999999,0.03741983419081943,2.0,1.0,11.0,12.0,2.0,3.0,437.0,11.0,298.0,0.45876887340301975,0.35086447872450566,0.01873193714973509,0.02965133522609045,395.0,17.0,0.6884070984889705,1.0,1.0,1.0,1.0,1.0,1.0,1.0,1.0,1.0,1.0,1.0,1.0,1.0,1.0,1.0,1.0,1.0,1.0,1.0,1.0,1.0,1.0,1.0,1.0,1.0,1.0,1.0,1.0,1.0,1.0,1.0,1.0,1.0,1.0,1.0,1.0,1.0,1.0,1.0,1.0,1.0,1.0,1.0,1.0,1.0,1.0,1.0,1.0,1.0,1.0,1.0,1.0,1.0,1.0,1.0,1.0,1.0,1.0,1.0,1.0,1.0,1.0,1.0,1.0,1.0,1.0,1.0,1.0,1.0,1.0,1.0,1.0,1.0,0.0
40.0,0.3225806451612903,45.0,11.0,24.95,9.677163840712835,0.20221590296584915,0.4575645756457565,72.58333333333334,0.01699551729869311,3.0,6.0,12.0,7.0,3.0,4.0,422.0,11.0,275.0,0.4897435897435897,0.36102640386760876,0.017400105048082395,0.02899107528735099,382.0,17.0,-0.9072499841938081,1.0,1.0,1.0,1.0,1.0,1.0,1.0,1.0,1.0,1.0,1.0,1.0,1.0,1.0,1.0,1.0,1.0,1.0,1.0,1.0,1.0,1.0,1.0,1.0,1.0,1.0,1.0,1.0,1.0,1.0,1.0,1.0,1.0,1.0,1.0,1.0,1.0,1.0,1.0,1.0,1.0,1.0,1.0,1.0,1.0,1.0,1.0,1.0,1.0,1.0,1.0,1.0,1.0,1.0,1.0,1.0,1.0,1.0,1.0,1.0,1.0,1.0,1.0,1.0,1.0,1.0,1.0,1.0,1.0,1.0,1.0,1.0,1.0,0.0
44.0,0.3548387096774194,45.0,11.0,24.954545454545453,8.908511112859088,0.22123617231770135,0.484375,75.83333333333333,0.02177685162316199,1.0,5.0,2.0,9.0,4.0,5.0,508.0,11.0,509.0,0.4904862579281184,0.3521152499010142,0.019059342604595665,0.0317035298888771,464.0,17.0,-1.5690130333714847,1.0,1.0,1.0,1.0,1.0,1.0,1.0,1.0,1.0,1.0,1.0,1.0,1.0,1.0,1.0,1.0,1.0,1.0,1.0,1.0,1.0,1.0,1.0,1.0,1.0,1.0,1.0,1.0,1.0,1.0,1.0,1.0,1.0,1.0,1.0,1.0,1.0,1.0,1.0,1.0,1.0,1.0,1.0,1.0,1.0,1.0,1.0,1.0,0.0,1.0,1.0,1.0,1.0,1.0,1.0,1.0,1.0,1.0,0.0,1.0,1.0,1.0,1.0,1.0,1.0,1.0,1.0,1.0,1.0,1.0,1.0,1.0,1.0,0.0
40.0,0.3225806451612903,45.0,5.0,25.4,9.718024490605073,0.2038482307547779,0.46441947565543074,73.16666666666667,0.053330175656184,4.0,4.0,10.0,10.0,5.0,6.0,434.0,11.0,375.0,0.5051282051282051,0.35721827780811943,0.01812648512798634,0.0292075104090794,394.0,17.0,0.2858437863351864,1.0,1.0,1.0,1.0,1.0,1.0,1.0,1.0,1.0,1.0,1.0,1.0,1.0,1.0,1.0,1.0,1.0,1.0,1.0,1.0,1.0,1.0,1.0,1.0,1.0,1.0,1.0,1.0,1.0,1.0,1.0,1.0,1.0,1.0,1.0,1.0,1.0,1.0,1.0,1.0,1.0,1.0,1.0,1.0,1.0,1.0,1.0,1.0,1.0,1.0,1.0,1.0,1.0,1.0,1.0,1.0,1.0,1.0,1.0,1.0,1.0,1.0,1.0,1.0,1.0,1.0,1.0,1.0,1.0,1.0,1.0,1.0,1.0,0.0
39.0,0.31451612903225806,45.0,3.0,25.076923076923077,10.28412921007255,0.19621528477441838,0.45925925925925926,72.33333333333337,0.04135272693211967,5.0,3.0,5.0,5.0,7.0,7.0,400.0,11.0,294.0,0.48717948717948717,0.3512677798392084,0.018005283917045773,0.028114606990277662,361.0,17.0,-1.3961459576199726,1.0,1.0,1.0,1.0,1.0,1.0,1.0,1.0,1.0,1.0,1.0,1.0,1.0,1.0,1.0,1.0,1.0,1.0,1.0,1.0,1.0,1.0,1.0,1.0,1.0,1.0,1.0,1.0,1.0,1.0,1.0,1.0,1.0,1.0,1.0,1.0,1.0,1.0,1.0,1.0,1.0,1.0,1.0,1.0,1.0,1.0,1.0,1.0,1.0,1.0,1.0,1.0,1.0,1.0,1.0,1.0,1.0,1.0,1.0,1.0,1.0,1.0,1.0,1.0,1.0,1.0,1.0,1.0,1.0,1.0,1.0,1.0,1.0,0.0
37.0,0.29838709677419356,45.0,13.0,26.405405405405407,9.234071631176603,0.19438411020895827,0.4714828897338403,72.41666666666669,0.015778118591559125,6.0,2.0,8.0,16.0,6.0,8.0,394.0,11.0,258.0,0.536036036036036,0.36878641378455435,0.016240312948501805,0.02783929359330851,357.0,17.0,-2.035544688634301,1.0,1.0,1.0,1.0,1.0,1.0,1.0,1.0,1.0,1.0,1.0,1.0,1.0,1.0,1.0,1.0,1.0,1.0,1.0,1.0,1.0,1.0,1.0,1.0,1.0,1.0,1.0,1.0,1.0,1.0,1.0,1.0,1.0,1.0,1.0,1.0,1.0,1.0,1.0,1.0,1.0,1.0,1.0,1.0,1.0,1.0,1.0,1.0,1.0,1.0,1.0,1.0,1.0,1.0,1.0,1.0,1.0,1.0,1.0,1.0,1.0,1.0,1.0,1.0,1.0,1.0,1.0,1.0,1.0,1.0,1.0,1.0,1.0,0.0
33.0,0.2661290322580645,45.0,3.0,25.12121212121212,10.906649558474326,0.16653053647249058,0.4460431654676259,68.95000000000006,0.09143466764767319,7.0,0.0,3.0,14.0,8.0,9.0,293.0,11.0,135.0,0.49242424242424243,0.3545410129743228,0.01631543797830423,0.023864425530134452,260.0,17.0,0.41782759696625665,1.0,1.0,1.0,1.0,1.0,1.0,1.0,1.0,1.0,1.0,1.0,1.0,1.0,1.0,1.0,1.0,1.0,1.0,1.0,1.0,1.0,1.0,1.0,1.0,1.0,1.0,1.0,1.0,1.0,1.0,1.0,1.0,1.0,1.0,1.0,1.0,1.0,1.0,1.0,1.0,1.0,1.0,1.0,1.0,1.0,1.0,1.0,1.0,1.0,1.0,1.0,1.0,1.0,1.0,1.0,1.0,1.0,1.0,1.0,1.0,1.0,1.0,1.0,1.0,1.0,1.0,1.0,1.0,1.0,1.0,1.0,1.0,1.0,0.0
36.0,0.29032258064516125,45.0,4.0,25.055555555555557,9.675124014262455,0.1792245672326179,0.4732824427480916,72.25000000000003,0.04475446564657737,1.0,5.0,2.0,6.0,4.0,5.0,335.0,11.0,168.0,0.4746031746031746,0.3401894451962111,0.016754585641678962,0.025667364888064367,299.0,17.0,-0.6893836560606598,1.0,1.0,1.0,1.0,1.0,1.0,1.0,1.0,1.0,1.0,1.0,1.0,1.0,1.0,1.0,1.0,1.0,1.0,1.0,1.0,1.0,1.0,1.0,1.0,1.0,1.0,1.0,1.0,1.0,1.0,1.0,1.0,1.0,1.0,1.0,1.0,1.0,1.0,1.0,1.0,1.0,1.0,1.0,1.0,1.0,1.0,1.0,1.0,1.0,1.0,1.0,1.0,1.0,1.0,1.0,1.0,1.0,1.0,1.0,1.0,1.0,1.0,1.0,1.0,1.0,1.0,1.0,1.0,1.0,1.0,1.0,1.0,1.0,0.0
29.0,0.23387096774193547,45.0,11.0,27.310344827586206,9.938096148332825,0.1574305379460336,0.43205574912891986,66.45000000000006,0.009227188566969422,9.0,9.0,4.0,15.0,9.0,10.0,265.0,11.0,100.0,0.5812807881773399,0.388265000996744,0.012884135244352004,0.022544662400565067,236.0,17.0,0.43496068003105814,1.0,1.0,1.0,1.0,1.0,1.0,1.0,1.0,1.0,1.0,1.0,1.0,1.0,1.0,1.0,1.0,1.0,1.0,1.0,1.0,1.0,1.0,1.0,1.0,1.0,1.0,1.0,1.0,1.0,1.0,1.0,1.0,1.0,1.0,1.0,1.0,1.0,1.0,1.0,1.0,1.0,1.0,1.0,1.0,1.0,1.0,1.0,1.0,1.0,1.0,1.0,1.0,1.0,1.0,1.0,1.0,1.0,1.0,1.0,1.0,1.0,1.0,1.0,1.0,1.0,1.0,1.0,1.0,1.0,1.0,1.0,1.0,1.0,0.0
36.0,0.29032258064516125,45.0,4.0,24.77777777777778,10.20106506179927,0.17845336102139528,0.4542124542124542,70.9833333333334,0.05974751851943516,2.0,1.0,4.0,4.0,2.0,3.0,331.0,10.0,216.0,0.46825396825396826,0.34287412555438707,0.017048424678793462,0.02556363636931731,295.0,17.0,1.4014626930801268,1.0,1.0,1.0,1.0,1.0,1.0,1.0,1.0,1.0,1.0,1.0,1.0,1.0,1.0,1.0,1.0,1.0,1.0,1.0,1.0,1.0,1.0,1.0,1.0,1.0,1.0,1.0,1.0,1.0,1.0,1.0,1.0,1.0,1.0,1.0,1.0,1.0,1.0,1.0,1.0,1.0,1.0,1.0,1.0,1.0,1.0,1.0,1.0,1.0,1.0,1.0,1.0,1.0,1.0,1.0,1.0,1.0,1.0,1.0,1.0,1.0,1.0,1.0,1.0,1.0,1.0,1.0,1.0,1.0,1.0,1.0,1.0,1.0,0.0
35.0,0.282258064516129,45.0,4.0,25.942857142857143,10.189470355344726,0.179224332466648,0.45255474452554745,70.45000000000003,0.05853262459946156,7.0,0.0,7.0,8.0,8.0,9.0,338.0,10.0,261.0,0.5092436974789916,0.3495474588071478,0.01666604949795625,0.025652665412113817,303.0,17.0,-0.7767373539423161,1.0,1.0,1.0,1.0,1.0,1.0,1.0,1.0,1.0,1.0,1.0,1.0,1.0,1.0,1.0,1.0,1.0,1.0,1.0,1.0,1.0,1.0,1.0,1.0,1.0,1.0,1.0,1.0,1.0,1.0,1.0,1.0,1.0,1.0,1.0,1.0,1.0,1.0,1.0,1.0,1.0,1.0,1.0,1.0,1.0,1.0,1.0,1.0,1.0,1.0,1.0,1.0,1.0,1.0,1.0,1.0,1.0,1.0,1.0,1.0,1.0,1.0,1.0,1.0,1.0,1.0,1.0,1.0,1.0,1.0,1.0,1.0,1.0,0.0
31.0,0.25,44.0,12.0,25.483870967741936,8.820324651116454,0.15981599496650026,0.43508771929824563,67.25000000000006,0.008289616410134112,0.0,7.0,7.0,8.0,0.0,12.0,268.0,10.0,117.0,0.5096774193548387,0.3729064039408867,0.013658491352260063,0.022911522099508527,237.0,17.0,0.7710225668479326,1.0,1.0,1.0,1.0,1.0,1.0,1.0,1.0,1.0,1.0,1.0,1.0,1.0,1.0,1.0,1.0,1.0,1.0,1.0,1.0,1.0,1.0,1.0,1.0,1.0,1.0,1.0,1.0,1.0,1.0,1.0,1.0,1.0,1.0,1.0,1.0,1.0,1.0,1.0,1.0,1.0,1.0,1.0,1.0,1.0,1.0,1.0,1.0,1.0,1.0,1.0,1.0,1.0,1.0,1.0,1.0,1.0,1.0,1.0,1.0,1.0,1.0,1.0,1.0,1.0,1.0,1.0,1.0,1.0,1.0,1.0,1.0,1.0,0.0
32.0,0.25806451612903225,45.0,4.0,25.78125,10.300893089315121,0.1648221445093043,0.43661971830985913,68.06666666666672,0.05317923439428964,5.0,3.0,3.0,3.0,7.0,7.0,286.0,10.0,167.0,0.5120967741935484,0.3637136059816472,0.014980216065871587,0.02361016726707215,254.0,17.0,0.717502050795688,1.0,1.0,1.0,1.0,1.0,1.0,1.0,1.0,1.0,1.0,1.0,1.0,1.0,1.0,1.0,1.0,1.0,1.0,1.0,1.0,1.0,1.0,1.0,1.0,1.0,1.0,1.0,1.0,1.0,1.0,1.0,1.0,1.0,1.0,1.0,1.0,1.0,1.0,1.0,1.0,1.0,1.0,1.0,1.0,1.0,1.0,1.0,1.0,1.0,1.0,1.0,1.0,1.0,1.0,1.0,1.0,1.0,1.0,1.0,1.0,1.0,1.0,1.0,1.0,1.0,1.0,1.0,1.0,1.0,1.0,1.0,1.0,1.0,0.0
28.0,0.22580645161290322,44.0,5.0,26.25,9.14027586329553,0.14685104427707282,0.43508771929824563,66.2833333333334,0.02971217743604431,3.0,6.0,6.0,6.0,10.0,0.0,228.0,9.0,103.0,0.5291005291005291,0.37439329313134284,0.0131658704710906,0.021039922768811618,200.0,17.0,-0.5574190960128262,1.0,1.0,1.0,1.0,1.0,1.0,1.0,1.0,1.0,1.0,1.0,1.0,1.0,1.0,1.0,1.0,1.0,1.0,1.0,1.0,1.0,1.0,1.0,1.0,1.0,1.0,1.0,1.0,1.0,1.0,1.0,1.0,1.0,1.0,1.0,1.0,1.0,1.0,1.0,1.0,1.0,1.0,1.0,1.0,1.0,1.0,1.0,1.0,1.0,1.0,1.0,1.0,1.0,1.0,1.0,1.0,1.0,1.0,1.0,1.0,1.0,1.0,1.0,1.0,1.0,1.0,1.0,1.0,1.0,1.0,1.0,1.0,1.0,0.0
31.0,0.25,45.0,14.0,27.93548387096774,8.643235221168606,0.17109391739600513,0.4444444444444444,67.91666666666673,0.008455008804972389,8.0,10.0,6.0,6.0,10.0,11.0,305.0,11.0,166.0,0.589247311827957,0.39326737177300125,0.013583047981474276,0.024489250052037875,274.0,17.0,0.3427054854078304,1.0,1.0,1.0,1.0,1.0,1.0,1.0,1.0,1.0,1.0,1.0,1.0,1.0,1.0,1.0,1.0,1.0,1.0,1.0,1.0,1.0,1.0,1.0,1.0,1.0,1.0,1.0,1.0,1.0,1.0,1.0,1.0,1.0,1.0,1.0,1.0,1.0,1.0,1.0,1.0,1.0,1.0,1.0,1.0,1.0,1.0,1.0,1.0,1.0,1.0,1.0,1.0,1.0,1.0,1.0,1.0,1.0,1.0,1.0,1.0,1.0,1.0,1.0,1.0,1.0,1.0,1.0,1.0,1.0,1.0,1.0,1.0,1.0,0.0
30.0,0.24193548387096775,45.0,4.0,25.3,10.504443504219218,0.1492538739793144,0.44285714285714284,67.58333333333339,0.04773594966405658,3.0,4.0,6.0,4.0,5.0,2.0,239.0,9.0,131.0,0.4804597701149425,0.33515881708652795,0.014569633292870348,0.02135622829117508,209.0,17.0,-0.07761886941423095,1.0,1.0,1.0,1.0,1.0,1.0,1.0,1.0,1.0,1.0,1.0,1.0,1.0,1.0,1.0,1.0,1.0,1.0,1.0,1.0,1.0,1.0,1.0,1.0,1.0,1.0,1.0,1.0,1.0,1.0,1.0,1.0,1.0,1.0,1.0,1.0,1.0,1.0,1.0,1.0,1.0,1.0,1.0,1.0,1.0,1.0,1.0,1.0,1.0,1.0,1.0,1.0,1.0,1.0,1.0,1.0,1.0,1.0,1.0,1.0,1.0,1.0,1.0,1.0,1.0,1.0,1.0,1.0,1.0,1.0,1.0,1.0,1.0,0.0
26.0,0.2096774193548387,45.0,11.0,28.23076923076923,9.274894535198406,0.14355328669745515,0.4397163120567376,65.66666666666676,0.007988752353828217,6.0,2.0,1.0,1.0,3.0,4.0,217.0,9.0,123.0,0.5876923076923077,0.3898876404494382,0.011685049172698752,0.020537915968245328,191.0,17.0,0.00755753820990888,1.0,1.0,1.0,1.0,1.0,1.0,1.0,1.0,1.0,1.0,1.0,1.0,1.0,1.0,1.0,1.0,1.0,1.0,1.0,1.0,1.0,1.0,1.0,1.0,1.0,1.0,1.0,1.0,1.0,1.0,1.0,1.0,1.0,1.0,1.0,1.0,1.0,1.0,1.0,1.0,1.0,1.0,1.0,1.0,1.0,1.0,1.0,1.0,1.0,1.0,1.0,1.0,1.0,1.0,1.0,1.0,1.0,1.0,1.0,1.0,1.0,1.0,1.0,1.0,1.0,1.0,1.0,1.0,1.0,1.0,1.0,1.0,1.0,0.0
26.0,0.2096774193548387,45.0,12.0,27.53846153846154,9.47965744768469,0.14150448407786922,0.4246575342465753,64.70000000000009,0.005682922463926254,6.0,11.0,1.0,3.0,6.0,8.0,211.0,9.0,95.0,0.5692307692307692,0.3867893526125534,0.011652281791786834,0.020256841183270795,185.0,17.0,-2.0555629847413734,1.0,1.0,1.0,1.0,1.0,1.0,1.0,1.0,1.0,1.0,1.0,1.0,1.0,1.0,1.0,1.0,1.0,1.0,1.0,1.0,1.0,1.0,1.0,1.0,1.0,1.0,1.0,1.0,1.0,1.0,1.0,1.0,1.0,1.0,1.0,1.0,1.0,1.0,1.0,1.0,1.0,1.0,1.0,1.0,1.0,1.0,1.0,1.0,1.0,1.0,1.0,1.0,1.0,1.0,1.0,1.0,1.0,1.0,1.0,1.0,1.0,1.0,1.0,1.0,1.0,1.0,1.0,1.0,1.0,1.0,1.0,1.0,1.0,0.0
26.0,0.2096774193548387,45.0,4.0,27.615384615384617,11.190919818787576,0.13857906532656172,0.4412811387900356,66.16666666666673,0.053232479204314044,9.0,9.0,5.0,0.0,9.0,10.0,204.0,10.0,75.0,0.5476923076923077,0.36249597941460276,0.013034584336638915,0.019806374826799346,178.0,17.0,-0.027920586706655596,1.0,1.0,1.0,1.0,1.0,1.0,1.0,1.0,1.0,1.0,1.0,1.0,1.0,1.0,1.0,1.0,1.0,1.0,1.0,1.0,1.0,1.0,1.0,1.0,1.0,1.0,1.0,1.0,1.0,1.0,1.0,1.0,1.0,1.0,1.0,1.0,1.0,1.0,1.0,1.0,1.0,1.0,1.0,1.0,1.0,1.0,1.0,1.0,1.0,1.0,1.0,1.0,1.0,1.0,1.0,1.0,1.0,1.0,1.0,1.0,1.0,1.0,1.0,1.0,1.0,1.0,1.0,1.0,1.0,1.0,1.0,1.0,1.0,0.0
24.0,0.1935483870967742,45.0,13.0,29.291666666666668,9.140018082889965,0.1376193420414847,0.4189189189189189,63.36666666666677,0.00402508053264521,8.0,2.0,8.0,2.0,12.0,11.0,203.0,10.0,88.0,0.6485507246376812,0.4131320614928691,0.010777749593261514,0.01968935463301441,179.0,17.0,0.27348412883465545,1.0,1.0,1.0,1.0,1.0,1.0,1.0,1.0,1.0,1.0,1.0,1.0,1.0,1.0,1.0,1.0,1.0,1.0,1.0,1.0,1.0,1.0,1.0,1.0,1.0,1.0,1.0,1.0,1.0,1.0,1.0,1.0,1.0,1.0,1.0,1.0,1.0,1.0,1.0,1.0,1.0,1.0,1.0,1.0,1.0,1.0,1.0,1.0,1.0,1.0,1.0,1.0,1.0,1.0,1.0,1.0,1.0,1.0,1.0,1.0,1.0,1.0,1.0,1.0,1.0,1.0,1.0,1.0,1.0,1.0,1.0,1.0,1.0,0.0
27.0,0.21774193548387097,44.0,4.0,25.296296296296298,10.251701989913006,0.13599851778508257,0.40522875816993464,63.80000000000009,0.021296822851684542,0.0,7.0,3.0,12.0,0.0,0.0,197.0,9.0,83.0,0.4843304843304843,0.3508970421852271,0.012781726126114506,0.019482033253636642,170.0,17.0,0.13213277258153755,1.0,1.0,1.0,1.0,1.0,1.0,1.0,1.0,1.0,1.0,1.0,1.0,1.0,1.0,1.0,1.0,1.0,1.0,1.0,1.0,1.0,1.0,1.0,1.0,1.0,1.0,1.0,1.0,1.0,1.0,1.0,1.0,1.0,1.0,1.0,1.0,1.0,1.0,1.0,1.0,1.0,1.0,1.0,1.0,1.0,1.0,1.0,1.0,1.0,1.0,1.0,1.0,1.0,1.0,1.0,1.0,1.0,1.0,1.0,1.0,1.0,1.0,1.0,1.0,1.0,1.0,1.0,1.0,1.0,1.0,1.0,1.0,1.0,0.0
26.0,0.2096774193548387,45.0,4.0,24.76923076923077,10.285567529712885,0.1274445849046846,0.43508771929824563,65.5833333333334,0.08875275735427327,2.0,1.0,4.0,2.0,2.0,3.0,172.0,8.0,83.0,0.4492307692307692,0.3355066079295154,0.013408080870049268,0.018248606097537652,146.0,17.0,0.8371475190280512,1.0,1.0,1.0,1.0,1.0,1.0,1.0,1.0,1.0,1.0,1.0,1.0,1.0,1.0,1.0,1.0,1.0,1.0,1.0,1.0,1.0,1.0,1.0,1.0,1.0,1.0,1.0,1.0,1.0,1.0,1.0,1.0,1.0,1.0,1.0,1.0,1.0,1.0,1.0,1.0,1.0,1.0,1.0,1.0,1.0,1.0,1.0,1.0,1.0,1.0,1.0,1.0,1.0,1.0,1.0,1.0,1.0,1.0,1.0,1.0,1.0,1.0,1.0,1.0,1.0,1.0,1.0,1.0,1.0,1.0,1.0,1.0,1.0,0.0
25.0,0.20161290322580644,45.0,3.0,24.52,11.23252420429175,0.12137353692227457,0.4189189189189189,63.81666666666677,0.06614930459225157,4.0,0.0,3.0,3.0,8.0,6.0,159.0,8.0,65.0,0.44666666666666666,0.33089790424918286,0.013090799691724815,0.017377783186506277,134.0,16.0,0.004252923854128354,1.0,1.0,1.0,1.0,1.0,1.0,1.0,1.0,1.0,1.0,1.0,1.0,1.0,1.0,1.0,1.0,1.0,1.0,1.0,1.0,1.0,1.0,1.0,1.0,1.0,1.0,1.0,1.0,1.0,1.0,1.0,1.0,1.0,1.0,1.0,1.0,1.0,1.0,1.0,1.0,1.0,1.0,1.0,1.0,1.0,1.0,1.0,1.0,1.0,1.0,1.0,1.0,1.0,1.0,1.0,1.0,1.0,1.0,1.0,1.0,1.0,1.0,1.0,1.0,1.0,1.0,1.0,1.0,1.0,1.0,1.0,1.0,1.0,0.0
24.0,0.1935483870967742,45.0,3.0,26.458333333333332,10.323836361654626,0.12605054457523562,0.42033898305084744,63.6500000000001,0.02707721088276435,3.0,3.0,1.0,1.0,3.0,4.0,169.0,9.0,76.0,0.5253623188405797,0.37286783042394017,0.011548064744995071,0.018053637472126727,145.0,17.0,0.33055487713929693,1.0,1.0,1.0,1.0,1.0,1.0,1.0,1.0,1.0,1.0,1.0,1.0,1.0,1.0,1.0,1.0,1.0,1.0,1.0,1.0,1.0,1.0,1.0,1.0,1.0,1.0,1.0,1.0,1.0,1.0,1.0,1.0,1.0,1.0,1.0,1.0,1.0,1.0,1.0,1.0,1.0,1.0,1.0,1.0,1.0,1.0,1.0,1.0,1.0,1.0,1.0,1.0,1.0,1.0,1.0,1.0,1.0,1.0,1.0,1.0,1.0,1.0,1.0,1.0,1.0,1.0,1.0,1.0,1.0,1.0,1.0,1.0,1.0,0.0
21.0,0.1693548387096774,45.0,14.0,29.238095238095237,9.758536004099726,0.12052626653679437,0.3987138263665595,60.33333333333343,0.0023916353458765666,4.0,4.0,4.0,4.0,5.0,2.0,153.0,8.0,59.0,0.6285714285714286,0.41864448250550523,0.00948220269531558,0.01724106766461693,132.0,17.0,0.04111006000994362,1.0,1.0,1.0,1.0,1.0,1.0,1.0,1.0,1.0,1.0,1.0,1.0,1.0,1.0,1.0,1.0,1.0,1.0,1.0,1.0,1.0,1.0,1.0,1.0,1.0,1.0,1.0,1.0,1.0,1.0,1.0,1.0,1.0,1.0,1.0,1.0,1.0,1.0,1.0,1.0,1.0,1.0,1.0,1.0,1.0,1.0,1.0,1.0,1.0,1.0,1.0,1.0,1.0,1.0,1.0,1.0,1.0,1.0,1.0,1.0,1.0,1.0,1.0,1.0,1.0,1.0,1.0,1.0,1.0,1.0,1.0,1.0,1.0,0.0
23.0,0.18548387096774194,45.0,4.0,27.608695652173914,11.738969403082319,0.12323828302143476,0.4232081911262799,63.33333333333343,0.04102678863168464,7.0,0.0,7.0,4.0,8.0,2.0,162.0,11.0,38.0,0.549407114624506,0.36983170579680036,0.011844285779374535,0.01762109832851805,139.0,17.0,1.8531336819899094,1.0,1.0,1.0,1.0,1.0,1.0,1.0,1.0,1.0,1.0,1.0,1.0,1.0,1.0,1.0,1.0,1.0,1.0,1.0,1.0,1.0,1.0,1.0,1.0,1.0,1.0,1.0,1.0,1.0,1.0,1.0,1.0,1.0,1.0,1.0,1.0,1.0,1.0,1.0,1.0,1.0,1.0,1.0,1.0,1.0,1.0,1.0,1.0,1.0,1.0,1.0,1.0,1.0,1.0,1.0,1.0,1.0,1.0,1.0,1.0,1.0,1.0,1.0,1.0,1.0,1.0,1.0,1.0,1.0,1.0,1.0,1.0,1.0,0.0
21.0,0.1693548387096774,40.0,12.0,26.38095238095238,8.638100488264273,0.10954978361268064,0.40924092409240925,61.400000000000105,0.005222346291416117,1.0,5.0,2.0,5.0,4.0,5.0,133.0,8.0,46.0,0.5333333333333333,0.3634700810033969,0.009729707333748167,0.01568026174028311,112.0,16.0,-0.6760563129100137,1.0,1.0,1.0,1.0,1.0,1.0,1.0,1.0,1.0,1.0,1.0,1.0,1.0,1.0,1.0,1.0,1.0,1.0,1.0,1.0,1.0,1.0,1.0,1.0,1.0,1.0,1.0,1.0,1.0,1.0,1.0,1.0,1.0,1.0,1.0,1.0,1.0,1.0,1.0,1.0,1.0,1.0,1.0,1.0,1.0,1.0,1.0,1.0,1.0,1.0,1.0,1.0,1.0,1.0,1.0,1.0,1.0,1.0,1.0,1.0,1.0,1.0,1.0,1.0,1.0,1.0,1.0,1.0,1.0,1.0,1.0,1.0,1.0,0.0
20.0,0.16129032258064516,45.0,11.0,28.95,8.980395314238677,0.11255619662361424,0.40924092409240925,60.9500000000001,0.004178607719517536,6.0,2.0,5.0,5.0,6.0,6.0,138.0,8.0,68.0,0.6210526315789474,0.3979001211468569,0.009248787306690641,0.016098229940209333,118.0,17.0,-0.5071601240627076,1.0,1.0,1.0,1.0,1.0,1.0,1.0,1.0,1.0,1.0,1.0,1.0,1.0,1.0,1.0,1.0,1.0,1.0,1.0,1.0,1.0,1.0,1.0,1.0,1.0,1.0,1.0,1.0,1.0,1.0,1.0,1.0,1.0,1.0,1.0,1.0,1.0,1.0,1.0,1.0,1.0,1.0,1.0,1.0,1.0,1.0,1.0,1.0,1.0,1.0,1.0,1.0,1.0,1.0,1.0,1.0,1.0,1.0,1.0,1.0,1.0,1.0,1.0,1.0,1.0,1.0,1.0,1.0,1.0,1.0,1.0,1.0,1.0,0.0
21.0,0.1693548387096774,45.0,4.0,26.952380952380953,10.449316179386095,0.11036465629431039,0.40789473684210525,61.31666666666677,0.026649131743859272,2.0,1.0,5.0,1.0,2.0,3.0,138.0,8.0,65.0,0.5571428571428572,0.3608063281449349,0.010294093773502516,0.015786918115592886,117.0,16.0,-0.9468298474540824,1.0,1.0,1.0,1.0,1.0,1.0,1.0,1.0,1.0,1.0,1.0,1.0,1.0,1.0,1.0,1.0,1.0,1.0,1.0,1.0,1.0,1.0,1.0,1.0,1.0,1.0,1.0,1.0,1.0,1.0,1.0,1.0,1.0,1.0,1.0,1.0,1.0,1.0,1.0,1.0,1.0,1.0,1.0,1.0,1.0,1.0,1.0,1.0,1.0,1.0,1.0,1.0,1.0,1.0,1.0,1.0,1.0,1.0,1.0,1.0,1.0,1.0,1.0,1.0,1.0,1.0,1.0,1.0,1.0,1.0,1.0,1.0,1.0,0.0
2.0,0.016129032258064516,5.0,3.0,4.0,1.0,0.0004577936413650255,0.2540983606557377,34.650000000000006,0.0,2.0,2.0,0.0,2.0,0.0,1.0,3.0,3.0,1.0,1.0,0.0,0.003743448672978825,5.983443112289069e-05,1.0,2.0,0.170139470379526,1.0,1.0,0.0,1.0,1.0,0.0,1.0,0.0,0.0,1.0,0.0,1.0,0.0,0.0,0.0,1.0,0.0,0.0,1.0,0.0,0.0,1.0,0.0,0.0,1.0,0.0,1.0,1.0,0.0,0.0,1.0,1.0,0.0,1.0,0.0,0.0,0.0,0.0,0.0,0.0,0.0,0.0,0.0,1.0,0.0,0.0,0.0,0.0,1.0,0.0,0.0,1.0,0.0,0.0,0.0,0.0,0.0,0.0,0.0,0.0,0.0,0.0,0.0,0.0,0.0,0.0,0.0,0.0,0.0,0.0,0.0,0.0,0.0,1.0
5.0,0.04032258064516129,35.0,2.0,12.2,12.859237924542807,0.010661192226496682,0.3315508021390374,47.26666666666673,0.03210804480796155,0.0,1.0,1.0,1.0,2.0,0.0,7.0,3.0,3.0,0.2,0.06280193236714976,0.006480762933995575,0.001519290883160087,2.0,2.0,-0.6894746739507861,1.0,1.0,1.0,1.0,1.0,1.0,1.0,1.0,1.0,1.0,1.0,1.0,1.0,0.0,0.0,1.0,1.0,1.0,1.0,1.0,1.0,1.0,1.0,0.0,1.0,1.0,1.0,1.0,1.0,1.0,1.0,1.0,1.0,1.0,0.0,1.0,1.0,1.0,1.0,0.0,1.0,0.0,1.0,1.0,1.0,1.0,0.0,1.0,1.0,0.0,0.0,1.0,1.0,0.0,1.0,0.0,0.0,0.0,1.0,1.0,0.0,0.0,0.0,0.0,0.0,1.0,0.0,0.0,0.0,0.0,0.0,0.0,0.0,2.0
3.0,0.024193548387096774,5.0,2.0,3.6666666666666665,1.247219128924647,0.0007003068883035236,0.26609442060085836,36.71666666666668,0.0014123766664498267,1.0,0.0,2.0,0.0,1.0,2.0,4.0,3.0,2.0,0.3333333333333333,0.07692307692307693,0.0050878706442478785,9.28378219872806e-05,1.0,2.0,0.14488908209736376,1.0,1.0,1.0,1.0,1.0,1.0,1.0,0.0,1.0,1.0,1.0,1.0,0.0,0.0,0.0,1.0,1.0,1.0,1.0,1.0,0.0,1.0,1.0,0.0,0.0,1.0,1.0,1.0,1.0,1.0,1.0,1.0,0.0,1.0,0.0,1.0,1.0,0.0,0.0,0.0,0.0,0.0,0.0,1.0,0.0,0.0,0.0,0.0,1.0,0.0,0.0,0.0,1.0,0.0,0.0,0.0,0.0,0.0,0.0,0.0,0.0,0.0,0.0,0.0,0.0,0.0,0.0,0.0,0.0,0.0,0.0,0.0,0.0,2.0
3.0,0.024193548387096774,5.0,4.0,4.333333333333333,0.4714045207910317,0.000714862378439232,0.2818181818181818,38.73333333333334,0.004716620923624229,2.0,0.0,0.0,0.0,1.0,2.0,3.0,2.0,3.0,0.0,0.05263157894736842,0.005002971587707478,9.244898872268826e-05,0.0,2.0,0.1986614497088441,1.0,1.0,1.0,0.0,1.0,1.0,1.0,1.0,1.0,0.0,0.0,1.0,0.0,0.0,0.0,1.0,1.0,1.0,1.0,1.0,1.0,1.0,1.0,0.0,0.0,0.0,1.0,0.0,0.0,1.0,1.0,0.0,0.0,1.0,0.0,0.0,1.0,1.0,0.0,0.0,0.0,0.0,0.0,0.0,0.0,0.0,0.0,0.0,1.0,0.0,0.0,0.0,0.0,1.0,0.0,0.0,0.0,0.0,0.0,0.0,0.0,0.0,0.0,0.0,0.0,0.0,0.0,0.0,0.0,0.0,0.0,0.0,0.0,3.0
4.0,0.03225806451612903,33.0,3.0,10.75,12.852528934026953,0.0065189814530379605,0.32891246684350134,46.316666666666706,0.016090450398779498,0.0,1.0,1.0,1.0,0.0,0.0,4.0,2.0,4.0,0.0,0.008620689655172414,0.005623233106417016,0.0009222190611931432,0.0,2.0,0.5992436322663093,1.0,1.0,1.0,0.0,1.0,1.0,1.0,1.0,1.0,0.0,0.0,1.0,0.0,0.0,0.0,1.0,1.0,1.0,1.0,1.0,1.0,1.0,1.0,1.0,0.0,0.0,1.0,0.0,0.0,1.0,1.0,0.0,0.0,1.0,1.0,1.0,1.0,1.0,1.0,0.0,0.0,0.0,1.0,0.0,0.0,0.0,0.0,0.0,1.0,0.0,0.0,0.0,0.0,1.0,0.0,0.0,0.0,0.0,1.0,0.0,0.0,0.0,0.0,0.0,0.0,0.0,0.0,0.0,0.0,0.0,0.0,0.0,0.0,3.0
2.0,0.016129032258064516,5.0,4.0,4.5,0.5,0.0003704607005507741,0.2588726513569937,35.43333333333335,0.0,2.0,2.0,0.0,0.0,1.0,0.0,3.0,3.0,1.0,1.0,0.0,0.003915053573198521,4.607662562503798e-05,1.0,2.0,-0.5075283767755238,1.0,1.0,0.0,1.0,1.0,0.0,1.0,0.0,0.0,1.0,0.0,0.0,0.0,0.0,0.0,1.0,0.0,0.0,1.0,0.0,0.0,1.0,1.0,0.0,1.0,0.0,0.0,1.0,0.0,0.0,1.0,1.0,0.0,0.0,0.0,0.0,0.0,0.0,1.0,0.0,0.0,0.0,0.0,0.0,0.0,0.0,0.0,0.0,0.0,0.0,0.0,1.0,0.0,0.0,0.0,0.0,0.0,0.0,0.0,0.0,0.0,0.0,0.0,0.0,0.0,0.0,0.0,0.0,0.0,0.0,0.0,0.0,0.0,1.0
5.0,0.04032258064516129,40.0,2.0,11.0,14.560219778561036,0.008431385044094115,0.33695652173913043,48.16666666666673,0.03207075666489437,1.0,1.0,2.0,1.0,2.0,1.0,6.0,3.0,4.0,0.1,0.020618556701030927,0.006957364070736785,0.0011928636509348691,1.0,2.0,-0.2872933217943898,1.0,1.0,1.0,1.0,1.0,1.0,1.0,1.0,1.0,1.0,1.0,1.0,0.0,0.0,0.0,1.0,1.0,1.0,1.0,1.0,1.0,1.0,1.0,1.0,0.0,1.0,1.0,1.0,1.0,1.0,1.0,1.0,1.0,1.0,1.0,1.0,1.0,1.0,1.0,0.0,0.0,0.0,1.0,0.0,0.0,0.0,0.0,0.0,1.0,0.0,1.0,0.0,1.0,1.0,0.0,0.0,0.0,0.0,1.0,0.0,0.0,0.0,0.0,0.0,1.0,0.0,0.0,0.0,0.0,0.0,0.0,0.0,0.0,2.0
4.0,0.03225806451612903,5.0,2.0,3.25,1.299038105676658,0.0004232830437852002,0.26898047722342733,37.71666666666669,0.007104967283736024,0.0,0.0,1.0,2.0,0.0,3.0,5.0,3.0,3.0,0.16666666666666666,0.041666666666666664,0.007209437109217308,4.85862870429766e-05,1.0,2.0,-0.9422785311832865,1.0,1.0,1.0,1.0,1.0,1.0,1.0,1.0,1.0,1.0,1.0,1.0,0.0,0.0,0.0,1.0,1.0,1.0,1.0,1.0,1.0,1.0,1.0,0.0,0.0,1.0,1.0,1.0,1.0,1.0,1.0,1.0,1.0,1.0,0.0,1.0,1.0,1.0,1.0,0.0,0.0,0.0,0.0,0.0,0.0,0.0,0.0,0.0,0.0,0.0,0.0,0.0,1.0,0.0,0.0,0.0,0.0,0.0,0.0,0.0,0.0,0.0,0.0,0.0,0.0,0.0,0.0,0.0,0.0,0.0,0.0,0.0,0.0,2.0
3.0,0.024193548387096774,11.0,2.0,6.0,3.7416573867739413,0.002562001029854626,0.2786516853932584,39.05000000000001,0.012661753733853115,0.0,2.0,1.0,3.0,0.0,0.0,3.0,2.0,3.0,0.0,0.034482758620689655,0.004592084767943816,0.00036268475576857196,0.0,2.0,-0.5474914748401266,1.0,1.0,1.0,0.0,1.0,1.0,1.0,1.0,1.0,0.0,0.0,1.0,0.0,0.0,0.0,1.0,1.0,1.0,1.0,1.0,1.0,1.0,1.0,0.0,0.0,0.0,1.0,0.0,0.0,1.0,1.0,0.0,0.0,1.0,1.0,1.0,1.0,1.0,1.0,0.0,0.0,0.0,1.0,0.0,0.0,0.0,0.0,0.0,1.0,0.0,0.0,0.0,0.0,1.0,0.0,0.0,0.0,0.0,1.0,0.0,0.0,0.0,0.0,0.0,0.0,0.0,0.0,0.0,0.0,0.0,0.0,0.0,0.0,3.0
2.0,0.016129032258064516,4.0,3.0,3.5,0.5,0.00014978068881583905,0.2283609576427256,31.32619047619047,0.00035591125646614486,1.0,1.0,0.0,0.0,1.0,1.0,2.0,2.0,2.0,0.0,0.25,0.004033385288595097,1.5264394713260505e-05,0.0,2.0,0.019669009455032842,1.0,1.0,1.0,0.0,1.0,1.0,1.0,0.0,1.0,0.0,0.0,1.0,0.0,0.0,0.0,1.0,1.0,1.0,1.0,1.0,0.0,1.0,0.0,0.0,0.0,0.0,1.0,0.0,0.0,0.0,1.0,0.0,0.0,1.0,0.0,1.0,1.0,0.0,0.0,0.0,0.0,0.0,0.0,0.0,0.0,0.0,0.0,0.0,0.0,0.0,0.0,0.0,0.0,1.0,0.0,0.0,0.0,0.0,0.0,0.0,0.0,0.0,0.0,0.0,0.0,0.0,0.0,0.0,0.0,0.0,0.0,0.0,0.0,3.0
3.0,0.024193548387096774,6.0,3.0,4.333333333333333,1.247219128924647,0.00045333308793634065,0.2737306843267108,37.61666666666669,0.015457227859974238,2.0,0.0,0.0,2.0,1.0,2.0,4.0,3.0,2.0,0.3333333333333333,0.0,0.0055985162427731675,5.3251770628888355e-05,1.0,2.0,1.9727660570459156,1.0,1.0,1.0,1.0,1.0,1.0,1.0,0.0,0.0,1.0,1.0,0.0,0.0,0.0,0.0,1.0,1.0,1.0,1.0,1.0,0.0,1.0,1.0,0.0,1.0,1.0,0.0,1.0,1.0,0.0,1.0,1.0,0.0,0.0,0.0,0.0,0.0,0.0,1.0,0.0,0.0,0.0,0.0,0.0,0.0,0.0,0.0,0.0,0.0,0.0,0.0,1.0,0.0,0.0,0.0,0.0,0.0,0.0,0.0,0.0,0.0,0.0,0.0,0.0,0.0,0.0,0.0,0.0,0.0,0.0,0.0,0.0,0.0,1.0
6.0,0.04838709677419355,26.0,2.0,7.0,8.524474568362947,0.005124236825679185,0.33972602739726027,47.80000000000005,0.05175429668497356,0.0,2.0,2.0,0.0,3.0,0.0,7.0,3.0,5.0,0.06666666666666667,0.005649717514124294,0.008998137032216363,0.0007114924968670128,1.0,3.0,0.6657214973717772,1.0,1.0,1.0,1.0,1.0,1.0,1.0,1.0,1.0,1.0,1.0,1.0,0.0,0.0,0.0,1.0,1.0,1.0,1.0,1.0,1.0,1.0,1.0,1.0,1.0,1.0,1.0,1.0,1.0,1.0,1.0,1.0,1.0,1.0,1.0,1.0,1.0,1.0,1.0,0.0,0.0,0.0,1.0,0.0,0.0,0.0,0.0,0.0,1.0,0.0,0.0,0.0,1.0,0.0,0.0,0.0,0.0,0.0,1.0,0.0,0.0,0.0,0.0,0.0,0.0,0.0,0.0,0.0,0.0,0.0,0.0,0.0,0.0,2.0
4.0,0.03225806451612903,23.0,3.0,9.0,8.154753215150045,0.005104516484204998,0.3263157894736842,45.28333333333337,0.014939319796930403,1.0,3.0,3.0,1.0,0.0,1.0,5.0,3.0,3.0,0.16666666666666666,0.010752688172043012,0.0056576130799935904,0.0007199748510531419,1.0,3.0,0.36732633696024514,1.0,1.0,1.0,1.0,1.0,1.0,1.0,1.0,1.0,1.0,1.0,1.0,0.0,0.0,0.0,1.0,1.0,1.0,1.0,1.0,1.0,1.0,1.0,0.0,1.0,1.0,1.0,1.0,1.0,1.0,1.0,1.0,1.0,1.0,1.0,0.0,1.0,1.0,1.0,0.0,0.0,0.0,1.0,0.0,0.0,0.0,0.0,0.0,1.0,0.0,0.0,0.0,1.0,0.0,0.0,0.0,0.0,0.0,1.0,0.0,0.0,0.0,0.0,0.0,0.0,0.0,0.0,0.0,0.0,0.0,0.0,0.0,0.0,2.0
2.0,0.016129032258064516,6.0,4.0,5.0,1.0,0.0005045120693812511,0.2767857142857143,37.38333333333335,0.0007766095371172186,1.0,0.0,0.0,1.0,0.0,1.0,2.0,2.0,2.0,0.0,0.14285714285714285,0.0036333839618339836,6.398834062586303e-05,0.0,2.0,-1.1437683000041257,1.0,1.0,1.0,0.0,1.0,1.0,1.0,0.0,1.0,0.0,0.0,1.0,0.0,0.0,0.0,1.0,1.0,1.0,1.0,1.0,0.0,1.0,1.0,0.0,0.0,0.0,1.0,0.0,0.0,0.0,1.0,0.0,0.0,1.0,1.0,1.0,1.0,0.0,1.0,0.0,0.0,0.0,0.0,0.0,0.0,0.0,0.0,0.0,0.0,0.0,0.0,0.0,0.0,1.0,0.0,0.0,0.0,0.0,0.0,0.0,0.0,0.0,0.0,0.0,0.0,0.0,0.0,0.0,0.0,0.0,0.0,0.0,0.0,3.0
4.0,0.03225806451612903,35.0,2.0,11.5,13.6106575888162,0.0071551972315503825,0.3333333333333333,46.93333333333338,0.012637637961308417,2.0,1.0,1.0,0.0,1.0,0.0,4.0,2.0,4.0,0.0,0.016129032258064516,0.00545092479148691,0.001012555660385975,0.0,3.0,0.3500280892530721,1.0,1.0,1.0,0.0,1.0,1.0,1.0,1.0,1.0,0.0,0.0,1.0,0.0,0.0,0.0,1.0,1.0,1.0,1.0,1.0,1.0,1.0,1.0,1.0,0.0,0.0,1.0,0.0,0.0,1.0,1.0,0.0,0.0,1.0,1.0,1.0,1.0,1.0,1.0,0.0,0.0,0.0,1.0,0.0,0.0,0.0,0.0,0.0,1.0,0.0,0.0,0.0,0.0,1.0,0.0,0.0,0.0,0.0,1.0,0.0,0.0,0.0,0.0,0.0,0.0,0.0,0.0,0.0,0.0,0.0,0.0,0.0,0.0,3.0
3.0,0.024193548387096774,6.0,3.0,4.333333333333333,1.247219128924647,0.0004646018544930181,0.27312775330396477,37.45000000000001,0.0045068634552253885,2.0,2.0,2.0,2.0,0.0,1.0,4.0,3.0,2.0,0.3333333333333333,0.0,0.005335386432790971,5.289552615664442e-05,1.0,3.0,1.4127313166061433,1.0,1.0,1.0,1.0,1.0,1.0,1.0,0.0,0.0,1.0,1.0,0.0,0.0,0.0,0.0,1.0,1.0,1.0,1.0,1.0,0.0,1.0,1.0,0.0,1.0,1.0,0.0,1.0,1.0,0.0,1.0,1.0,0.0,0.0,0.0,0.0,0.0,0.0,1.0,0.0,0.0,0.0,0.0,0.0,0.0,0.0,0.0,0.0,0.0,0.0,0.0,1.0,0.0,0.0,0.0,0.0,0.0,0.0,0.0,0.0,0.0,0.0,0.0,0.0,0.0,0.0,0.0,0.0,0.0,0.0,0.0,0.0,0.0,1.0
6.0,0.04838709677419355,26.0,3.0,9.833333333333334,9.190877119308157,0.009474450248496578,0.3522727272727273,49.15000000000005,0.0442193911868659,0.0,0.0,1.0,1.0,2.0,0.0,7.0,3.0,5.0,0.06666666666666667,0.05622489959839357,0.00781019159567118,0.0013433028626963122,1.0,3.0,-2.1016039323834868,1.0,1.0,1.0,1.0,1.0,1.0,1.0,1.0,1.0,1.0,1.0,1.0,0.0,0.0,0.0,1.0,1.0,1.0,1.0,1.0,1.0,1.0,1.0,1.0,1.0,1.0,1.0,1.0,1.0,1.0,1.0,1.0,1.0,1.0,1.0,1.0,1.0,1.0,1.0,0.0,0.0,0.0,1.0,0.0,0.0,0.0,0.0,0.0,1.0,0.0,1.0,0.0,1.0,1.0,0.0,0.0,0.0,0.0,1.0,0.0,0.0,0.0,0.0,0.0,1.0,0.0,0.0,0.0,0.0,0.0,0.0,0.0,0.0,2.0
4.0,0.03225806451612903,6.0,3.0,4.25,1.0897247358851685,0.0005115550484791746,0.28054298642533937,39.000000000000014,0.010404076834488147,1.0,1.0,0.0,0.0,1.0,2.0,5.0,3.0,3.0,0.16666666666666666,0.027777777777777776,0.006813719924217487,5.486347809453142e-05,1.0,3.0,-1.4991104305834981,1.0,1.0,1.0,1.0,1.0,1.0,1.0,1.0,1.0,1.0,1.0,1.0,0.0,0.0,0.0,1.0,1.0,1.0,1.0,1.0,1.0,1.0,1.0,0.0,1.0,1.0,1.0,1.0,1.0,1.0,1.0,1.0,1.0,1.0,1.0,1.0,1.0,1.0,1.0,0.0,0.0,0.0,0.0,0.0,0.0,0.0,0.0,0.0,0.0,0.0,0.0,0.0,1.0,0.0,0.0,0.0,0.0,0.0,0.0,0.0,0.0,0.0,0.0,0.0,0.0,0.0,0.0,0.0,0.0,0.0,0.0,0.0,0.0,2.0
3.0,0.024193548387096774,6.0,4.0,4.666666666666667,0.9428090415820634,0.0006817603766789917,0.2863741339491917,39.18333333333335,0.005984741175571908,3.0,1.0,0.0,3.0,1.0,1.0,3.0,2.0,3.0,0.0,0.047619047619047616,0.00514479468065915,8.387635743030731e-05,0.0,2.0,0.21731237007053508,1.0,1.0,1.0,0.0,1.0,1.0,1.0,1.0,1.0,0.0,0.0,1.0,0.0,0.0,0.0,1.0,1.0,1.0,1.0,1.0,1.0,1.0,1.0,0.0,0.0,0.0,1.0,0.0,0.0,1.0,1.0,0.0,0.0,1.0,1.0,1.0,1.0,1.0,1.0,0.0,0.0,0.0,0.0,0.0,0.0,0.0,0.0,0.0,0.0,0.0,0.0,0.0,0.0,1.0,0.0,0.0,0.0,0.0,0.0,0.0,0.0,0.0,0.0,0.0,0.0,0.0,0.0,0.0,0.0,0.0,0.0,0.0,0.0,3.0
4.0,0.03225806451612903,6.0,3.0,4.25,1.0897247358851685,0.0003594266999640277,0.2837528604118993,39.58333333333334,0.01659710365243751,2.0,0.0,1.0,2.0,0.0,3.0,4.0,2.0,4.0,0.0,0.02631578947368421,0.006883071620370627,3.341084197840161e-05,0.0,3.0,-1.8410806279401661,1.0,1.0,1.0,0.0,1.0,1.0,1.0,1.0,1.0,0.0,0.0,1.0,0.0,0.0,0.0,1.0,1.0,1.0,1.0,1.0,1.0,1.0,1.0,1.0,0.0,0.0,1.0,0.0,0.0,1.0,1.0,0.0,0.0,1.0,1.0,1.0,1.0,1.0,1.0,0.0,0.0,0.0,0.0,0.0,0.0,0.0,0.0,0.0,0.0,0.0,0.0,0.0,0.0,1.0,0.0,0.0,0.0,0.0,0.0,0.0,0.0,0.0,0.0,0.0,0.0,0.0,0.0,0.0,0.0,0.0,0.0,0.0,0.0,3.0
2.0,0.016129032258064516,4.0,3.0,3.5,0.5,0.00023288784217133607,0.2380038387715931,32.45,0.0,2.0,1.0,0.0,2.0,1.0,0.0,3.0,3.0,1.0,1.0,0.0,0.004217258877478895,2.853914807703071e-05,1.0,2.0,0.5464805676878256,1.0,1.0,0.0,1.0,1.0,0.0,1.0,0.0,0.0,1.0,0.0,0.0,0.0,0.0,0.0,1.0,0.0,0.0,1.0,0.0,0.0,1.0,0.0,0.0,1.0,0.0,0.0,1.0,0.0,0.0,1.0,1.0,0.0,0.0,0.0,0.0,0.0,0.0,1.0,0.0,0.0,0.0,0.0,0.0,0.0,0.0,0.0,0.0,0.0,0.0,0.0,1.0,0.0,0.0,0.0,0.0,0.0,0.0,0.0,0.0,0.0,0.0,0.0,0.0,0.0,0.0,0.0,0.0,0.0,0.0,0.0,0.0,0.0,1.0
4.0,0.03225806451612903,26.0,2.0,8.75,9.98436277385793,0.00523387253363686,0.31,43.60000000000003,0.031867275992612173,0.0,2.0,2.0,0.0,0.0,1.0,5.0,3.0,3.0,0.16666666666666666,0.03409090909090909,0.0062009756055395465,0.0007382523248832231,1.0,2.0,1.3864674135292432,1.0,1.0,1.0,1.0,1.0,1.0,1.0,1.0,1.0,1.0,1.0,1.0,0.0,0.0,0.0,1.0,1.0,1.0,1.0,1.0,1.0,1.0,1.0,0.0,0.0,1.0,1.0,0.0,1.0,1.0,1.0,0.0,1.0,1.0,0.0,1.0,1.0,1.0,1.0,0.0,0.0,0.0,1.0,0.0,0.0,0.0,0.0,0.0,1.0,0.0,1.0,0.0,1.0,1.0,0.0,0.0,0.0,0.0,1.0,0.0,0.0,0.0,0.0,0.0,0.0,0.0,0.0,0.0,0.0,0.0,0.0,0.0,0.0,2.0
3.0,0.024193548387096774,4.0,2.0,2.6666666666666665,0.9428090415820634,0.00025566014125462193,0.23846153846153847,32.95,0.0004445116992651743,1.0,0.0,1.0,1.0,2.0,2.0,4.0,3.0,2.0,0.3333333333333333,0.14285714285714285,0.005997680370235349,3.068253372581387e-05,1.0,2.0,-0.2367651299985521,1.0,1.0,1.0,1.0,1.0,1.0,1.0,0.0,1.0,1.0,1.0,0.0,0.0,0.0,0.0,1.0,1.0,0.0,1.0,0.0,0.0,1.0,0.0,0.0,0.0,1.0,0.0,1.0,0.0,0.0,1.0,1.0,0.0,0.0,0.0,1.0,1.0,0.0,1.0,0.0,0.0,0.0,0.0,0.0,0.0,0.0,0.0,0.0,0.0,0.0,0.0,0.0,1.0,0.0,0.0,0.0,0.0,0.0,0.0,0.0,0.0,0.0,0.0,0.0,0.0,0.0,0.0,0.0,0.0,0.0,0.0,0.0,0.0,2.0
4.0,0.03225806451612903,30.0,2.0,15.25,12.397076268217438,0.0110708588440259,0.32891246684350134,46.43333333333338,0.018279218946654203,1.0,0.0,1.0,1.0,2.0,0.0,4.0,2.0,4.0,0.0,0.125,0.005038524672627381,0.001583023395322076,0.0,2.0,0.9373987938044539,1.0,1.0,1.0,0.0,1.0,1.0,1.0,1.0,1.0,0.0,0.0,1.0,0.0,0.0,0.0,1.0,1.0,1.0,1.0,1.0,1.0,1.0,1.0,1.0,0.0,0.0,1.0,0.0,0.0,1.0,1.0,0.0,0.0,1.0,1.0,1.0,1.0,1.0,1.0,0.0,0.0,0.0,1.0,0.0,0.0,0.0,0.0,0.0,1.0,1.0,1.0,0.0,0.0,1.0,0.0,0.0,0.0,0.0,1.0,0.0,0.0,0.0,0.0,0.0,1.0,0.0,0.0,0.0,0.0,0.0,0.0,0.0,0.0,3.0
2.0,0.016129032258064516,4.0,3.0,3.5,0.5,0.0004535678539062715,0.24949698189134809,34.116666666666674,0.0006694541067009562,0.0,1.0,0.0,0.0,0.0,1.0,2.0,2.0,2.0,0.0,0.25,0.003970195235649893,5.9892970056253066e-05,0.0,2.0,0.02974393488124595,1.0,1.0,1.0,0.0,1.0,1.0,1.0,0.0,1.0,0.0,0.0,1.0,0.0,0.0,0.0,1.0,1.0,1.0,1.0,1.0,0.0,1.0,1.0,0.0,0.0,0.0,1.0,0.0,0.0,0.0,1.0,0.0,0.0,0.0,0.0,1.0,1.0,0.0,1.0,0.0,0.0,0.0,0.0,0.0,0.0,0.0,0.0,0.0,0.0,0.0,0.0,0.0,0.0,1.0,0.0,0.0,0.0,0.0,0.0,0.0,0.0,0.0,0.0,0.0,0.0,0.0,0.0,0.0,0.0,0.0,0.0,0.0,0.0,3.0
3.0,0.024193548387096774,33.0,3.0,13.0,14.142135623730951,0.006257452162535069,0.3163265306122449,44.38333333333336,0.04696852922492109,0.0,1.0,2.0,1.0,0.0,0.0,4.0,3.0,2.0,0.3333333333333333,0.0,0.005379875984070692,0.000888280544673464,1.0,2.0,-1.2276962255968684,1.0,1.0,1.0,1.0,1.0,1.0,1.0,0.0,0.0,1.0,1.0,1.0,0.0,0.0,0.0,1.0,1.0,1.0,1.0,1.0,0.0,1.0,1.0,0.0,0.0,1.0,1.0,1.0,1.0,1.0,1.0,0.0,0.0,1.0,0.0,0.0,0.0,0.0,1.0,0.0,0.0,0.0,1.0,0.0,0.0,0.0,0.0,0.0,1.0,0.0,0.0,1.0,0.0,0.0,0.0,0.0,0.0,0.0,1.0,0.0,0.0,0.0,0.0,0.0,0.0,0.0,0.0,0.0,0.0,0.0,0.0,0.0,0.0,1.0
3.0,0.024193548387096774,3.0,3.0,3.0,0.0,0.00028524065346590045,0.24750499001996007,34.30952380952382,0.005562585923444231,1.0,0.0,0.0,0.0,1.0,1.0,4.0,3.0,2.0,0.3333333333333333,0.1111111111111111,0.006549343030945443,3.4364198612079465e-05,1.0,2.0,0.2189455044238554,1.0,1.0,1.0,1.0,1.0,1.0,1.0,0.0,1.0,1.0,1.0,0.0,0.0,0.0,0.0,1.0,1.0,1.0,1.0,1.0,0.0,1.0,0.0,0.0,1.0,1.0,0.0,1.0,1.0,0.0,1.0,0.0,0.0,0.0,0.0,0.0,1.0,0.0,0.0,0.0,0.0,0.0,0.0,0.0,0.0,0.0,0.0,0.0,0.0,0.0,0.0,0.0,1.0,0.0,0.0,0.0,0.0,0.0,0.0,0.0,0.0,0.0,0.0,0.0,0.0,0.0,0.0,0.0,0.0,0.0,0.0,0.0,0.0,2.0
3.0,0.024193548387096774,3.0,2.0,2.6666666666666665,0.4714045207910317,0.00028031056809735397,0.24361493123772102,33.74285714285715,0.01271837011258716,2.0,2.0,1.0,2.0,2.0,2.0,4.0,3.0,2.0,0.3333333333333333,0.14285714285714285,0.006716652767481722,3.429591137378986e-05,1.0,2.0,-1.8929804195243727,1.0,1.0,1.0,1.0,1.0,1.0,0.0,0.0,1.0,1.0,1.0,0.0,0.0,0.0,0.0,1.0,1.0,1.0,1.0,0.0,0.0,0.0,0.0,0.0,1.0,1.0,0.0,1.0,0.0,0.0,1.0,0.0,0.0,0.0,0.0,1.0,0.0,0.0,0.0,0.0,0.0,0.0,0.0,0.0,0.0,0.0,0.0,0.0,0.0,0.0,0.0,0.0,1.0,0.0,0.0,0.0,0.0,0.0,0.0,0.0,0.0,0.0,0.0,0.0,0.0,0.0,0.0,0.0,0.0,0.0,0.0,0.0,0.0,2.0
3.0,0.024193548387096774,3.0,2.0,2.6666666666666665,0.4714045207910317,7.747277007715812e-05,0.22342342342342342,31.069047619047605,0.005336560413882882,0.0,1.0,1.0,1.0,0.0,0.0,3.0,2.0,3.0,0.0,0.1111111111111111,0.006778550524374564,3.3036763824560518e-06,0.0,2.0,1.8384661501023094,1.0,1.0,1.0,0.0,1.0,1.0,0.0,1.0,1.0,0.0,0.0,1.0,0.0,0.0,0.0,1.0,1.0,1.0,1.0,0.0,1.0,0.0,0.0,0.0,0.0,0.0,1.0,0.0,0.0,1.0,0.0,0.0,0.0,0.0,0.0,0.0,0.0,1.0,0.0,0.0,0.0,0.0,0.0,0.0,0.0,0.0,0.0,0.0,0.0,0.0,0.0,0.0,0.0,1.0,0.0,0.0,0.0,0.0,0.0,0.0,0.0,0.0,0.0,0.0,0.0,0.0,0.0,0.0,0.0,0.0,0.0,0.0,0.0,3.0
2.0,0.016129032258064516,3.0,3.0,3.0,0.0,4.4840300256779385e-05,0.2052980132450331,28.155952380952385,0.0003988547949995629,1.0,0.0,0.0,0.0,1.0,1.0,2.0,2.0,2.0,0.0,0.3333333333333333,0.00502471007399424,1.3955150954553177e-06,0.0,2.0,-1.1869627019600129,1.0,1.0,1.0,0.0,1.0,1.0,1.0,0.0,1.0,0.0,0.0,1.0,0.0,0.0,0.0,1.0,1.0,1.0,0.0,0.0,0.0,1.0,0.0,0.0,0.0,0.0,1.0,0.0,0.0,0.0,1.0,0.0,0.0,0.0,0.0,0.0,1.0,0.0,0.0,0.0,0.0,0.0,0.0,0.0,0.0,0.0,0.0,0.0,0.0,0.0,0.0,0.0,0.0,1.0,0.0,0.0,0.0,0.0,0.0,0.0,0.0,0.0,0.0,0.0,0.0,0.0,0.0,0.0,0.0,0.0,0.0,0.0,0.0,3.0
3.0,0.024193548387096774,13.0,3.0,6.666666666666667,4.4969125210773475,0.0030507837792505144,0.2850574712643678,39.70000000000002,0.005974196796466108,1.0,1.0,0.0,2.0,0.0,0.0,4.0,3.0,2.0,0.3333333333333333,0.0,0.004102336359871497,0.0004335758289376617,1.0,3.0,1.0962132223910352,1.0,1.0,1.0,1.0,1.0,1.0,1.0,0.0,0.0,1.0,1.0,1.0,0.0,0.0,0.0,1.0,1.0,1.0,1.0,1.0,0.0,1.0,1.0,0.0,1.0,1.0,1.0,1.0,1.0,1.0,1.0,1.0,0.0,1.0,1.0,0.0,0.0,0.0,1.0,0.0,0.0,0.0,1.0,0.0,0.0,0.0,0.0,0.0,1.0,0.0,0.0,1.0,0.0,0.0,0.0,0.0,0.0,0.0,1.0,0.0,0.0,0.0,0.0,0.0,0.0,0.0,0.0,0.0,0.0,0.0,0.0,0.0,0.0,1.0
3.0,0.024193548387096774,4.0,3.0,3.3333333333333335,0.4714045207910317,0.0003549661465353429,0.24603174603174602,34.183333333333344,0.0006489753180351134,2.0,0.0,1.0,1.0,1.0,2.0,4.0,3.0,2.0,0.3333333333333333,0.09090909090909091,0.004791434125915932,4.2823160182074303e-05,1.0,3.0,0.24883387856956904,1.0,1.0,1.0,1.0,1.0,1.0,1.0,0.0,1.0,1.0,1.0,0.0,0.0,0.0,0.0,1.0,1.0,1.0,1.0,1.0,0.0,1.0,0.0,0.0,1.0,1.0,0.0,1.0,1.0,0.0,1.0,1.0,0.0,0.0,0.0,1.0,1.0,0.0,0.0,0.0,0.0,0.0,0.0,0.0,0.0,0.0,0.0,0.0,0.0,0.0,0.0,0.0,1.0,0.0,0.0,0.0,0.0,0.0,0.0,0.0,0.0,0.0,0.0,0.0,0.0,0.0,0.0,0.0,0.0,0.0,0.0,0.0,0.0,2.0
4.0,0.03225806451612903,21.0,3.0,7.75,7.660776723022281,0.004654470119847689,0.2987951807228916,42.41666666666669,0.009759786664065174,0.0,2.0,2.0,0.0,3.0,1.0,5.0,3.0,3.0,0.16666666666666666,0.01282051282051282,0.005086095963662928,0.0006594444032309648,1.0,3.0,0.5141440483921906,1.0,1.0,1.0,1.0,1.0,1.0,1.0,1.0,1.0,1.0,1.0,1.0,0.0,0.0,0.0,1.0,1.0,1.0,1.0,1.0,1.0,1.0,1.0,0.0,1.0,1.0,1.0,1.0,1.0,1.0,1.0,0.0,1.0,1.0,1.0,1.0,1.0,1.0,1.0,0.0,0.0,0.0,1.0,0.0,0.0,0.0,0.0,0.0,1.0,0.0,0.0,0.0,1.0,0.0,0.0,0.0,0.0,0.0,1.0,0.0,0.0,0.0,0.0,0.0,0.0,0.0,0.0,0.0,0.0,0.0,0.0,0.0,0.0,2.0
3.0,0.024193548387096774,4.0,3.0,3.6666666666666665,0.4714045207910317,0.00048291360014761895,0.26215644820295986,36.866666666666696,0.0024969041746919357,0.0,2.0,0.0,2.0,0.0,1.0,3.0,2.0,3.0,0.0,0.06666666666666667,0.0047588840704000795,6.0771062894499624e-05,0.0,3.0,-0.7125442138300202,1.0,1.0,1.0,0.0,1.0,1.0,1.0,1.0,1.0,0.0,0.0,1.0,0.0,0.0,0.0,1.0,1.0,1.0,1.0,1.0,1.0,1.0,1.0,0.0,0.0,0.0,1.0,0.0,0.0,1.0,1.0,0.0,0.0,1.0,0.0,1.0,1.0,1.0,1.0,0.0,0.0,0.0,0.0,0.0,0.0,0.0,0.0,0.0,1.0,0.0,0.0,0.0,0.0,1.0,0.0,0.0,0.0,0.0,0.0,0.0,0.0,0.0,0.0,0.0,0.0,0.0,0.0,0.0,0.0,0.0,0.0,0.0,0.0,3.0
4.0,0.03225806451612903,42.0,3.0,15.25,15.833114033569013,0.0105644686468852,0.33513513513513515,47.83333333333338,0.015228988780702214,1.0,0.0,1.0,1.0,4.0,0.0,5.0,3.0,3.0,0.16666666666666666,0.043209876543209874,0.004468773649147046,0.001504199556621497,1.0,3.0,0.4768522327644417,1.0,1.0,1.0,1.0,1.0,1.0,1.0,1.0,1.0,1.0,1.0,1.0,1.0,0.0,0.0,1.0,1.0,1.0,1.0,1.0,1.0,1.0,1.0,0.0,1.0,1.0,1.0,1.0,1.0,1.0,1.0,1.0,1.0,1.0,1.0,0.0,1.0,1.0,1.0,0.0,1.0,0.0,1.0,1.0,0.0,1.0,0.0,1.0,1.0,0.0,0.0,1.0,0.0,1.0,1.0,0.0,0.0,0.0,1.0,1.0,0.0,0.0,0.0,0.0,0.0,1.0,0.0,0.0,0.0,0.0,0.0,0.0,0.0,3.0
3.0,0.024193548387096774,16.0,3.0,8.0,5.715476066494082,0.0038081387982472183,0.2897196261682243,40.51666666666669,0.002912194869479996,1.0,2.0,0.0,0.0,2.0,0.0,4.0,3.0,2.0,0.3333333333333333,0.02564102564102564,0.004045021034327667,0.0005427415553312591,1.0,3.0,-0.7975972631199515,1.0,1.0,1.0,1.0,1.0,1.0,1.0,0.0,1.0,1.0,1.0,1.0,0.0,0.0,0.0,1.0,1.0,1.0,1.0,1.0,0.0,1.0,1.0,0.0,1.0,1.0,1.0,1.0,1.0,1.0,1.0,1.0,0.0,1.0,1.0,1.0,1.0,0.0,1.0,0.0,0.0,0.0,1.0,0.0,0.0,0.0,0.0,0.0,1.0,0.0,0.0,1.0,1.0,1.0,0.0,0.0,0.0,0.0,1.0,0.0,0.0,0.0,0.0,0.0,0.0,0.0,0.0,0.0,0.0,0.0,0.0,0.0,0.0,1.0
5.0,0.04032258064516129,28.0,3.0,8.4,9.81019877474458,0.006007426404558787,0.3220779220779221,45.75000000000003,0.015948168201683984,0.0,0.0,2.0,2.0,0.0,1.0,6.0,3.0,4.0,0.1,0.02097902097902098,0.006467041553907059,0.0008448214749258431,1.0,3.0,0.6365119318632185,1.0,1.0,1.0,1.0,1.0,1.0,1.0,1.0,1.0,1.0,1.0,1.0,0.0,0.0,0.0,1.0,1.0,1.0,1.0,1.0,1.0,1.0,1.0,1.0,1.0,1.0,1.0,1.0,1.0,1.0,1.0,0.0,1.0,1.0,1.0,1.0,1.0,1.0,1.0,0.0,0.0,0.0,1.0,0.0,0.0,0.0,0.0,0.0,1.0,0.0,0.0,0.0,1.0,1.0,0.0,0.0,0.0,0.0,1.0,0.0,0.0,0.0,0.0,0.0,0.0,0.0,0.0,0.0,0.0,0.0,0.0,0.0,0.0,2.0
3.0,0.024193548387096774,5.0,3.0,3.6666666666666665,0.9428090415820634,0.0005911407122857097,0.2556701030927835,35.600000000000016,0.00032187999773735884,2.0,1.0,1.0,1.0,1.0,2.0,4.0,3.0,2.0,0.3333333333333333,0.07692307692307693,0.004627544514798239,7.659913791455726e-05,1.0,3.0,-1.7159330546356573,1.0,1.0,1.0,1.0,1.0,1.0,1.0,0.0,1.0,1.0,1.0,0.0,0.0,0.0,0.0,1.0,1.0,1.0,1.0,1.0,0.0,1.0,1.0,0.0,1.0,1.0,0.0,1.0,1.0,0.0,1.0,1.0,0.0,0.0,0.0,1.0,1.0,0.0,1.0,0.0,0.0,0.0,0.0,0.0,0.0,0.0,0.0,0.0,0.0,0.0,0.0,1.0,1.0,0.0,0.0,0.0,0.0,0.0,0.0,0.0,0.0,0.0,0.0,0.0,0.0,0.0,0.0,0.0,0.0,0.0,0.0,0.0,0.0,2.0
4.0,0.03225806451612903,5.0,3.0,4.0,1.0,0.0007181491020182629,0.2719298245614035,38.750000000000014,0.0052633234967557055,1.0,1.0,1.0,0.0,1.0,2.0,4.0,2.0,4.0,0.0,0.02857142857142857,0.005890423851097585,9.034180887098067e-05,0.0,3.0,0.5597562174856274,1.0,1.0,1.0,0.0,1.0,1.0,1.0,1.0,1.0,0.0,0.0,1.0,0.0,0.0,0.0,1.0,1.0,1.0,1.0,1.0,1.0,1.0,1.0,1.0,0.0,0.0,1.0,0.0,0.0,1.0,1.0,0.0,0.0,1.0,0.0,0.0,1.0,1.0,1.0,0.0,0.0,0.0,0.0,0.0,0.0,0.0,0.0,0.0,1.0,0.0,0.0,0.0,0.0,1.0,0.0,0.0,0.0,0.0,0.0,0.0,0.0,0.0,0.0,0.0,0.0,0.0,0.0,0.0,0.0,0.0,0.0,0.0,0.0,3.0
3.0,0.024193548387096774,24.0,3.0,10.333333333333334,9.672412085697939,0.0047798351477907255,0.30845771144278605,43.150000000000034,0.00895849222443235,0.0,0.0,0.0,2.0,0.0,0.0,3.0,2.0,3.0,0.0,0.01818181818181818,0.004171842215944867,0.0006762598674316028,0.0,3.0,0.5370806949625867,1.0,1.0,1.0,0.0,1.0,1.0,1.0,1.0,1.0,0.0,0.0,1.0,0.0,0.0,0.0,1.0,1.0,1.0,1.0,1.0,1.0,1.0,1.0,0.0,0.0,0.0,1.0,0.0,0.0,1.0,1.0,0.0,0.0,1.0,0.0,1.0,1.0,1.0,1.0,0.0,0.0,0.0,1.0,0.0,0.0,0.0,0.0,0.0,1.0,0.0,0.0,0.0,0.0,1.0,0.0,0.0,0.0,0.0,1.0,0.0,0.0,0.0,0.0,0.0,0.0,0.0,0.0,0.0,0.0,0.0,0.0,0.0,0.0,3.0
4.0,0.03225806451612903,7.0,3.0,4.0,1.7320508075688772,0.000461549896883918,0.26956521739130435,37.93333333333334,0.014189784827904934,1.0,1.0,2.0,1.0,0.0,1.0,5.0,3.0,3.0,0.16666666666666666,0.0,0.0070865134926364984,4.9358033911428974e-05,1.0,3.0,-0.4452601033646861,1.0,1.0,1.0,1.0,1.0,1.0,1.0,1.0,0.0,1.0,1.0,1.0,0.0,0.0,0.0,1.0,1.0,1.0,1.0,1.0,1.0,1.0,1.0,0.0,0.0,1.0,1.0,1.0,1.0,1.0,1.0,0.0,1.0,1.0,0.0,0.0,0.0,0.0,1.0,0.0,0.0,0.0,0.0,0.0,0.0,0.0,0.0,0.0,0.0,0.0,0.0,1.0,0.0,0.0,0.0,0.0,0.0,0.0,0.0,0.0,0.0,0.0,0.0,0.0,0.0,0.0,0.0,0.0,0.0,0.0,0.0,0.0,0.0,1.0
3.0,0.024193548387096774,4.0,3.0,3.3333333333333335,0.4714045207910317,0.00010681851631850589,0.2339622641509434,32.41666666666666,0.002320881409122205,0.0,2.0,0.0,0.0,1.0,0.0,4.0,3.0,2.0,0.3333333333333333,0.09090909090909091,0.005898806917993771,4.6777229663238705e-06,1.0,3.0,-1.0761031877357177,1.0,1.0,1.0,1.0,1.0,1.0,1.0,0.0,1.0,1.0,1.0,0.0,0.0,0.0,0.0,1.0,1.0,1.0,1.0,1.0,0.0,1.0,0.0,0.0,1.0,1.0,0.0,1.0,1.0,0.0,1.0,1.0,0.0,0.0,0.0,1.0,1.0,0.0,0.0,0.0,0.0,0.0,0.0,0.0,0.0,0.0,0.0,0.0,0.0,0.0,0.0,0.0,1.0,0.0,0.0,0.0,0.0,0.0,0.0,0.0,0.0,0.0,0.0,0.0,0.0,0.0,0.0,0.0,0.0,0.0,0.0,0.0,0.0,2.0
3.0,0.024193548387096774,4.0,3.0,3.3333333333333335,0.4714045207910317,0.00024979099200635234,0.25203252032520324,34.81666666666667,0.002582622924222596,2.0,0.0,1.0,2.0,2.0,2.0,4.0,3.0,2.0,0.3333333333333333,0.09090909090909091,0.005748700720941677,2.6049687697095617e-05,1.0,3.0,-0.7944599686183049,1.0,1.0,1.0,1.0,1.0,1.0,1.0,0.0,1.0,1.0,1.0,0.0,0.0,0.0,0.0,1.0,1.0,1.0,1.0,1.0,0.0,1.0,0.0,0.0,1.0,1.0,0.0,1.0,1.0,0.0,1.0,1.0,0.0,0.0,0.0,1.0,1.0,0.0,0.0,0.0,0.0,0.0,0.0,0.0,0.0,0.0,0.0,0.0,0.0,0.0,0.0,0.0,1.0,0.0,0.0,0.0,0.0,0.0,0.0,0.0,0.0,0.0,0.0,0.0,0.0,0.0,0.0,0.0,0.0,0.0,0.0,0.0,0.0,2.0
3.0,0.024193548387096774,6.0,3.0,4.0,1.4142135623730951,0.0004277435972138854,0.2737306843267108,37.63333333333335,0.01029185680594436,1.0,0.0,1.0,1.0,2.0,1.0,3.0,2.0,3.0,0.0,0.058823529411764705,0.005517511559117033,5.062492092215443e-05,0.0,3.0,-0.6046669163262831,1.0,1.0,1.0,0.0,1.0,1.0,1.0,1.0,1.0,0.0,0.0,1.0,0.0,0.0,0.0,1.0,1.0,1.0,1.0,1.0,1.0,1.0,1.0,0.0,0.0,0.0,1.0,0.0,0.0,1.0,1.0,0.0,0.0,1.0,0.0,0.0,1.0,1.0,1.0,0.0,0.0,0.0,0.0,0.0,0.0,0.0,0.0,0.0,0.0,0.0,0.0,0.0,0.0,1.0,0.0,0.0,0.0,0.0,0.0,0.0,0.0,0.0,0.0,0.0,0.0,0.0,0.0,0.0,0.0,0.0,0.0,0.0,0.0,3.0
3.0,0.024193548387096774,25.0,3.0,10.333333333333334,10.370899457402697,0.004591787605876171,0.31155778894472363,43.28333333333334,0.021709984277341526,0.0,1.0,0.0,0.0,0.0,0.0,3.0,2.0,3.0,0.0,0.01818181818181818,0.00483772043462542,0.0006478251701587167,0.0,3.0,-1.9138942256977511,1.0,1.0,1.0,0.0,1.0,1.0,1.0,1.0,1.0,0.0,0.0,1.0,0.0,0.0,0.0,1.0,1.0,1.0,1.0,1.0,1.0,1.0,1.0,0.0,0.0,0.0,1.0,0.0,0.0,1.0,1.0,0.0,0.0,1.0,0.0,0.0,1.0,1.0,1.0,0.0,0.0,0.0,1.0,0.0,0.0,0.0,0.0,0.0,1.0,0.0,0.0,0.0,0.0,1.0,0.0,0.0,0.0,0.0,1.0,0.0,0.0,0.0,0.0,0.0,0.0,0.0,0.0,0.0,0.0,0.0,0.0,0.0,0.0,3.0
3.0,0.024193548387096774,5.0,3.0,4.0,0.816496580927726,0.00012489549600317612,0.23709369024856597,33.335714285714275,0.005872197050327402,2.0,0.0,0.0,0.0,0.0,0.0,4.0,3.0,2.0,0.3333333333333333,0.0,0.005945168734172784,6.077710236991681e-06,1.0,2.0,-1.1698820993264836,1.0,1.0,1.0,1.0,1.0,1.0,1.0,0.0,0.0,1.0,1.0,1.0,0.0,0.0,0.0,1.0,1.0,1.0,1.0,1.0,0.0,1.0,1.0,0.0,1.0,1.0,1.0,1.0,1.0,1.0,1.0,1.0,0.0,1.0,0.0,0.0,0.0,0.0,1.0,0.0,0.0,0.0,0.0,0.0,0.0,0.0,0.0,0.0,0.0,0.0,0.0,1.0,0.0,0.0,0.0,0.0,0.0,0.0,0.0,0.0,0.0,0.0,0.0,0.0,0.0,0.0,0.0,0.0,0.0,0.0,0.0,0.0,0.0,1.0
3.0,0.024193548387096774,4.0,2.0,3.0,0.816496580927726,9.343685603245131e-05,0.22382671480144403,31.153571428571407,0.0014577607024499238,1.0,2.0,1.0,2.0,1.0,2.0,4.0,3.0,2.0,0.3333333333333333,0.1111111111111111,0.00629942483564706,3.997604984497996e-06,1.0,2.0,-2.1404351339342758,1.0,1.0,1.0,1.0,1.0,1.0,1.0,0.0,1.0,1.0,1.0,0.0,0.0,0.0,0.0,1.0,1.0,1.0,1.0,0.0,0.0,1.0,0.0,0.0,1.0,1.0,0.0,1.0,0.0,0.0,1.0,1.0,0.0,0.0,0.0,1.0,1.0,0.0,0.0,0.0,0.0,0.0,0.0,0.0,0.0,0.0,0.0,0.0,0.0,0.0,0.0,0.0,1.0,0.0,0.0,0.0,0.0,0.0,0.0,0.0,0.0,0.0,0.0,0.0,0.0,0.0,0.0,0.0,0.0,0.0,0.0,0.0,0.0,2.0
4.0,0.03225806451612903,4.0,3.0,3.5,0.5,0.0005610906681345696,0.2767857142857143,38.709523809523816,0.01883524374019132,0.0,1.0,2.0,1.0,2.0,1.0,5.0,3.0,3.0,0.16666666666666666,0.037037037037037035,0.007344864946487331,6.87026381936078e-05,1.0,2.0,-0.48019169130125,1.0,1.0,1.0,1.0,1.0,1.0,1.0,1.0,1.0,1.0,1.0,0.0,0.0,0.0,0.0,1.0,1.0,1.0,1.0,1.0,1.0,1.0,1.0,0.0,1.0,1.0,0.0,1.0,1.0,0.0,1.0,0.0,1.0,0.0,1.0,0.0,1.0,1.0,1.0,0.0,0.0,0.0,0.0,0.0,0.0,0.0,0.0,0.0,0.0,0.0,0.0,0.0,1.0,0.0,0.0,0.0,0.0,0.0,0.0,0.0,0.0,0.0,0.0,0.0,0.0,0.0,0.0,0.0,0.0,0.0,0.0,0.0,0.0,2.0
2.0,0.016129032258064516,4.0,3.0,3.5,0.5,0.0002685722696008149,0.2515212981744422,34.25952380952381,0.003958271958776201,0.0,1.0,0.0,1.0,2.0,1.0,2.0,2.0,2.0,0.0,0.25,0.0043604544113881,3.292776588426846e-05,0.0,2.0,0.040887418787838144,1.0,1.0,1.0,0.0,1.0,1.0,1.0,0.0,1.0,0.0,0.0,1.0,0.0,0.0,0.0,1.0,1.0,1.0,1.0,1.0,0.0,1.0,1.0,0.0,0.0,0.0,1.0,0.0,0.0,0.0,1.0,0.0,0.0,0.0,0.0,1.0,1.0,0.0,0.0,0.0,0.0,0.0,0.0,0.0,0.0,0.0,0.0,0.0,0.0,0.0,0.0,0.0,0.0,1.0,0.0,0.0,0.0,0.0,0.0,0.0,0.0,0.0,0.0,0.0,0.0,0.0,0.0,0.0,0.0,0.0,0.0,0.0,0.0,3.0
4.0,0.03225806451612903,32.0,2.0,10.25,12.577261228105266,0.006247591991797976,0.3263157894736842,46.016666666666694,0.03802167779751387,1.0,0.0,1.0,0.0,0.0,0.0,4.0,2.0,4.0,0.0,0.00909090909090909,0.00647044384446401,0.0008831804893367395,0.0,2.0,-1.988270150731179,1.0,1.0,1.0,0.0,1.0,1.0,1.0,1.0,1.0,0.0,0.0,1.0,0.0,0.0,0.0,1.0,1.0,1.0,1.0,1.0,1.0,1.0,1.0,1.0,0.0,0.0,1.0,0.0,0.0,1.0,1.0,0.0,0.0,1.0,1.0,0.0,1.0,1.0,1.0,0.0,0.0,0.0,1.0,0.0,0.0,0.0,0.0,0.0,1.0,0.0,0.0,0.0,0.0,1.0,0.0,0.0,0.0,0.0,1.0,0.0,0.0,0.0,0.0,0.0,0.0,0.0,0.0,0.0,0.0,0.0,0.0,0.0,0.0,3.0
4.0,0.03225806451612903,26.0,3.0,9.5,9.5524865872714,0.005658329407271714,0.31876606683804626,44.70000000000002,0.007007695556325214,1.0,1.0,2.0,2.0,1.0,0.0,6.0,3.0,3.0,0.3333333333333333,0.020833333333333332,0.00498983893388992,0.0008004735985945468,2.0,3.0,-0.11037317415886766,1.0,1.0,1.0,1.0,1.0,1.0,1.0,1.0,1.0,1.0,1.0,1.0,0.0,1.0,0.0,1.0,1.0,1.0,1.0,1.0,1.0,1.0,1.0,0.0,0.0,1.0,1.0,1.0,1.0,1.0,1.0,1.0,0.0,1.0,1.0,1.0,1.0,1.0,1.0,0.0,0.0,1.0,1.0,0.0,0.0,0.0,1.0,0.0,1.0,0.0,0.0,0.0,0.0,0.0,0.0,0.0,0.0,0.0,1.0,0.0,0.0,0.0,0.0,1.0,0.0,0.0,0.0,0.0,0.0,0.0,0.0,0.0,0.0,1.0
3.0,0.024193548387096774,5.0,4.0,4.333333333333333,0.4714045207910317,0.00071721003813854,0.26382978723404255,36.483333333333356,0.00013835932403989052,2.0,2.0,0.0,1.0,2.0,3.0,5.0,3.0,2.0,0.6666666666666666,0.14285714285714285,0.004382392446706552,9.166420880622724e-05,2.0,3.0,-1.0727322392529253,1.0,1.0,1.0,1.0,1.0,1.0,1.0,0.0,1.0,1.0,0.0,0.0,0.0,1.0,0.0,1.0,1.0,1.0,1.0,1.0,0.0,1.0,1.0,0.0,1.0,0.0,0.0,1.0,0.0,0.0,1.0,1.0,0.0,0.0,0.0,1.0,1.0,0.0,0.0,1.0,0.0,0.0,0.0,0.0,0.0,0.0,1.0,0.0,0.0,0.0,0.0,0.0,0.0,0.0,0.0,0.0,0.0,0.0,0.0,0.0,0.0,0.0,0.0,1.0,0.0,0.0,0.0,0.0,0.0,0.0,0.0,0.0,0.0,2.0
5.0,0.04032258064516129,30.0,3.0,8.8,10.609429767899876,0.006062831173462454,0.32717678100263853,46.46666666666668,0.01515908618264081,0.0,0.0,3.0,3.0,0.0,1.0,6.0,3.0,4.0,0.1,0.019867549668874173,0.006239000324583582,0.0008522414872213773,1.0,3.0,-0.3379553419157601,1.0,1.0,1.0,1.0,1.0,1.0,1.0,1.0,1.0,1.0,1.0,1.0,1.0,0.0,0.0,1.0,1.0,1.0,1.0,1.0,1.0,1.0,1.0,1.0,0.0,1.0,1.0,1.0,1.0,1.0,1.0,0.0,1.0,1.0,1.0,1.0,1.0,1.0,1.0,0.0,1.0,0.0,1.0,0.0,0.0,1.0,0.0,1.0,1.0,0.0,0.0,0.0,0.0,0.0,0.0,0.0,0.0,0.0,1.0,0.0,0.0,0.0,1.0,0.0,0.0,0.0,0.0,0.0,0.0,0.0,0.0,0.0,0.0,2.0
4.0,0.03225806451612903,25.0,3.0,8.75,9.390819985496474,0.005740967028687351,0.31313131313131315,44.000000000000014,0.0050671661401498905,0.0,0.0,1.0,0.0,0.0,2.0,5.0,3.0,3.0,0.16666666666666666,0.03409090909090909,0.004995029085885108,0.000817008440887857,1.0,3.0,-1.028122527108421,1.0,1.0,1.0,1.0,1.0,1.0,1.0,1.0,1.0,1.0,1.0,1.0,1.0,0.0,0.0,1.0,1.0,1.0,1.0,1.0,1.0,1.0,1.0,0.0,0.0,1.0,1.0,1.0,1.0,1.0,1.0,0.0,1.0,1.0,1.0,1.0,1.0,1.0,1.0,0.0,1.0,0.0,1.0,0.0,0.0,1.0,0.0,1.0,1.0,0.0,0.0,0.0,0.0,0.0,0.0,0.0,0.0,0.0,1.0,0.0,0.0,0.0,1.0,0.0,0.0,0.0,0.0,0.0,0.0,0.0,0.0,0.0,0.0,3.0
3.0,0.024193548387096774,18.0,4.0,9.0,6.377042156569663,0.004375098615630057,0.30097087378640774,41.916666666666664,0.0018964710992586348,1.0,1.0,0.0,1.0,2.0,0.0,3.0,2.0,3.0,0.0,0.043478260869565216,0.0037852942160560804,0.0006233716090314792,0.0,3.0,-0.7032293454758551,1.0,1.0,1.0,0.0,1.0,1.0,1.0,1.0,1.0,0.0,0.0,1.0,0.0,0.0,0.0,1.0,1.0,1.0,1.0,1.0,1.0,1.0,1.0,0.0,0.0,0.0,1.0,0.0,0.0,1.0,1.0,0.0,0.0,1.0,1.0,1.0,1.0,1.0,1.0,0.0,0.0,0.0,1.0,0.0,0.0,0.0,0.0,0.0,1.0,0.0,0.0,0.0,0.0,0.0,0.0,0.0,0.0,0.0,1.0,0.0,0.0,0.0,0.0,0.0,1.0,0.0,0.0,0.0,0.0,0.0,0.0,0.0,0.0,3.0
3.0,0.024193548387096774,18.0,3.0,8.666666666666666,6.649979114420002,0.003977170296597381,0.31155778894472363,42.650000000000006,0.016799490581906537,0.0,0.0,2.0,2.0,2.0,0.0,4.0,3.0,2.0,0.3333333333333333,0.0,0.004617253460141708,0.000565738497657413,1.0,3.0,0.7569825276251612,1.0,1.0,1.0,1.0,1.0,1.0,1.0,0.0,0.0,1.0,1.0,1.0,0.0,0.0,0.0,1.0,1.0,1.0,1.0,1.0,0.0,1.0,1.0,0.0,1.0,1.0,1.0,1.0,1.0,1.0,1.0,1.0,0.0,1.0,0.0,0.0,0.0,0.0,1.0,0.0,0.0,0.0,1.0,0.0,0.0,0.0,0.0,0.0,1.0,0.0,0.0,1.0,0.0,0.0,0.0,0.0,0.0,0.0,1.0,0.0,0.0,0.0,0.0,0.0,0.0,0.0,0.0,0.0,0.0,0.0,0.0,0.0,0.0,1.0
5.0,0.04032258064516129,7.0,3.0,3.8,1.6,0.0007740234028617893,0.2824601366742597,40.11666666666667,0.01915508218599633,1.0,1.0,1.0,1.0,1.0,1.0,6.0,3.0,4.0,0.1,0.018867924528301886,0.008226971976127687,9.105248164514364e-05,1.0,3.0,1.3415293335838958,1.0,1.0,1.0,1.0,1.0,1.0,1.0,1.0,1.0,1.0,1.0,1.0,0.0,0.0,0.0,1.0,1.0,1.0,1.0,1.0,1.0,1.0,1.0,1.0,1.0,1.0,1.0,1.0,1.0,1.0,1.0,0.0,1.0,1.0,1.0,1.0,1.0,1.0,1.0,0.0,0.0,0.0,0.0,0.0,0.0,0.0,0.0,0.0,0.0,0.0,0.0,0.0,1.0,0.0,0.0,0.0,0.0,0.0,0.0,0.0,0.0,0.0,0.0,0.0,0.0,0.0,0.0,0.0,0.0,0.0,0.0,0.0,0.0,2.0
3.0,0.024193548387096774,5.0,3.0,3.6666666666666665,0.9428090415820634,0.0002540167794651064,0.2546201232032854,35.01666666666666,0.0017126372101539872,2.0,2.0,0.0,0.0,0.0,2.0,4.0,3.0,2.0,0.3333333333333333,0.07692307692307693,0.005487859847842686,2.537925350326199e-05,1.0,3.0,-0.39071509228718965,1.0,1.0,1.0,1.0,1.0,1.0,1.0,0.0,1.0,1.0,1.0,0.0,0.0,0.0,0.0,1.0,1.0,1.0,1.0,1.0,0.0,1.0,1.0,0.0,1.0,1.0,0.0,1.0,1.0,0.0,1.0,1.0,0.0,0.0,0.0,1.0,1.0,0.0,0.0,0.0,0.0,0.0,0.0,0.0,0.0,0.0,0.0,0.0,0.0,0.0,0.0,0.0,1.0,0.0,0.0,0.0,0.0,0.0,0.0,0.0,0.0,0.0,0.0,0.0,0.0,0.0,0.0,0.0,0.0,0.0,0.0,0.0,0.0,2.0
3.0,0.024193548387096774,25.0,3.0,11.0,9.93310961716756,0.004613386075109803,0.3147208121827411,43.850000000000016,0.018444146597931452,0.0,2.0,0.0,0.0,0.0,0.0,3.0,2.0,3.0,0.0,0.01694915254237288,0.0046245160121231085,0.0006493611519447619,0.0,3.0,-1.4818897153236243,1.0,1.0,1.0,0.0,1.0,1.0,1.0,1.0,1.0,0.0,0.0,1.0,0.0,0.0,0.0,1.0,1.0,1.0,1.0,1.0,1.0,1.0,1.0,0.0,0.0,0.0,1.0,0.0,0.0,1.0,1.0,0.0,0.0,1.0,1.0,0.0,1.0,1.0,1.0,0.0,0.0,0.0,1.0,0.0,0.0,0.0,0.0,0.0,1.0,0.0,0.0,0.0,0.0,1.0,0.0,0.0,0.0,0.0,1.0,0.0,0.0,0.0,0.0,0.0,0.0,0.0,0.0,0.0,0.0,0.0,0.0,0.0,0.0,3.0
3.0,0.024193548387096774,3.0,3.0,3.0,0.0,0.00025237341767559096,0.2551440329218107,35.242857142857154,0.0029560448454661473,1.0,0.0,1.0,1.0,1.0,3.0,3.0,2.0,3.0,0.0,0.09090909090909091,0.005577581907812358,2.7006331376104415e-05,0.0,3.0,-2.11289327535468,1.0,1.0,1.0,0.0,1.0,1.0,1.0,1.0,1.0,0.0,0.0,1.0,0.0,0.0,0.0,1.0,1.0,1.0,1.0,1.0,1.0,1.0,0.0,0.0,0.0,0.0,1.0,0.0,0.0,1.0,1.0,0.0,0.0,0.0,0.0,1.0,1.0,1.0,0.0,0.0,0.0,0.0,0.0,0.0,0.0,0.0,0.0,0.0,0.0,0.0,0.0,0.0,0.0,1.0,0.0,0.0,0.0,0.0,0.0,0.0,0.0,0.0,0.0,0.0,0.0,0.0,0.0,0.0,0.0,0.0,0.0,0.0,0.0,3.0
4.0,0.03225806451612903,7.0,4.0,5.25,1.299038105676658,0.0008709817484432024,0.2903981264637002,40.53333333333334,0.008320535120897813,1.0,1.0,0.0,0.0,0.0,1.0,5.0,3.0,3.0,0.16666666666666666,0.020833333333333332,0.006171504786649943,0.00010249961145322861,1.0,3.0,-0.4015074741501148,1.0,1.0,1.0,1.0,1.0,1.0,1.0,1.0,1.0,1.0,1.0,1.0,0.0,0.0,0.0,1.0,1.0,1.0,1.0,1.0,1.0,1.0,1.0,0.0,1.0,1.0,1.0,1.0,1.0,1.0,1.0,1.0,1.0,1.0,1.0,1.0,1.0,1.0,1.0,0.0,0.0,0.0,0.0,0.0,0.0,0.0,0.0,0.0,0.0,0.0,0.0,1.0,1.0,0.0,0.0,0.0,0.0,0.0,0.0,0.0,0.0,0.0,0.0,0.0,0.0,0.0,0.0,0.0,0.0,0.0,0.0,0.0,0.0,1.0
4.0,0.03225806451612903,7.0,2.0,4.25,1.7853571071357126,0.00048526125984692703,0.2786516853932584,38.81666666666666,0.014131076295745832,3.0,2.0,2.0,1.0,1.0,2.0,5.0,3.0,3.0,0.16666666666666666,0.027777777777777776,0.007066774191754338,4.996135886089511e-05,1.0,3.0,-3.0508871371801236,1.0,1.0,1.0,1.0,1.0,1.0,1.0,1.0,1.0,1.0,1.0,0.0,0.0,0.0,0.0,1.0,1.0,1.0,1.0,1.0,1.0,1.0,1.0,0.0,1.0,1.0,0.0,1.0,1.0,0.0,1.0,1.0,1.0,0.0,1.0,0.0,1.0,1.0,1.0,0.0,0.0,0.0,0.0,0.0,0.0,0.0,0.0,0.0,0.0,0.0,0.0,1.0,1.0,0.0,0.0,0.0,0.0,0.0,0.0,0.0,0.0,0.0,0.0,0.0,0.0,0.0,0.0,0.0,0.0,0.0,0.0,0.0,0.0,2.0
7.0,0.056451612903225805,19.0,2.0,8.142857142857142,6.91641053537726,0.008539377390262271,0.3415977961432507,48.5,0.07658255990064854,0.0,0.0,3.0,2.0,2.0,0.0,8.0,3.0,6.0,0.047619047619047616,0.053003533568904596,0.009618052259452703,0.0012066850500329473,1.0,3.0,-1.3148939534955748,1.0,1.0,1.0,1.0,1.0,1.0,1.0,1.0,1.0,1.0,1.0,1.0,0.0,0.0,0.0,1.0,1.0,1.0,1.0,1.0,1.0,1.0,1.0,1.0,1.0,1.0,1.0,1.0,1.0,1.0,1.0,1.0,1.0,1.0,1.0,1.0,1.0,1.0,1.0,0.0,0.0,0.0,1.0,0.0,0.0,0.0,0.0,0.0,1.0,0.0,1.0,0.0,1.0,1.0,0.0,0.0,0.0,0.0,1.0,0.0,0.0,0.0,0.0,0.0,1.0,0.0,0.0,0.0,0.0,0.0,0.0,0.0,0.0,2.0
2.0,0.016129032258064516,4.0,2.0,3.0,1.0,7.34817485883348e-05,0.21908127208480566,29.816666666666666,0.00039864588636398697,0.0,0.0,0.0,0.0,0.0,0.0,2.0,2.0,2.0,0.0,0.3333333333333333,0.004526454583138968,3.521427143355709e-06,0.0,2.0,-0.356979610964265,1.0,1.0,1.0,0.0,1.0,1.0,1.0,0.0,1.0,0.0,0.0,1.0,0.0,0.0,0.0,1.0,1.0,0.0,1.0,1.0,0.0,1.0,0.0,0.0,0.0,0.0,1.0,0.0,0.0,0.0,0.0,0.0,0.0,1.0,0.0,1.0,1.0,0.0,0.0,0.0,0.0,0.0,0.0,0.0,0.0,0.0,0.0,0.0,0.0,0.0,0.0,0.0,0.0,1.0,0.0,0.0,0.0,0.0,0.0,0.0,0.0,0.0,0.0,0.0,0.0,0.0,0.0,0.0,0.0,0.0,0.0,0.0,0.0,3.0
2.0,0.016129032258064516,7.0,2.0,4.5,2.5,0.00038008610531793663,0.256198347107438,34.85,0.005914754198084373,1.0,1.0,1.0,1.0,1.0,1.0,2.0,2.0,2.0,0.0,0.16666666666666666,0.004292178264907447,4.4917019262715945e-05,0.0,2.0,-0.34177011037978683,1.0,1.0,1.0,0.0,1.0,1.0,1.0,0.0,1.0,0.0,0.0,1.0,0.0,0.0,0.0,1.0,1.0,0.0,1.0,1.0,0.0,1.0,1.0,0.0,0.0,0.0,1.0,0.0,0.0,0.0,1.0,0.0,0.0,1.0,0.0,1.0,1.0,0.0,1.0,0.0,0.0,0.0,0.0,0.0,0.0,0.0,0.0,0.0,0.0,0.0,0.0,0.0,0.0,1.0,0.0,0.0,0.0,0.0,0.0,0.0,0.0,0.0,0.0,0.0,0.0,0.0,0.0,0.0,0.0,0.0,0.0,0.0,0.0,3.0
3.0,0.024193548387096774,39.0,4.0,15.666666666666666,16.49915822768611,0.007580123637125099,0.3237597911227154,45.58333333333336,0.0032081582558065942,1.0,0.0,0.0,1.0,0.0,0.0,4.0,3.0,2.0,0.3333333333333333,0.023809523809523808,0.003913916978799647,0.001075621174300891,1.0,3.0,-0.6242912778687805,1.0,1.0,1.0,1.0,1.0,1.0,1.0,0.0,1.0,1.0,1.0,1.0,0.0,0.0,0.0,1.0,1.0,1.0,1.0,1.0,0.0,1.0,1.0,0.0,1.0,1.0,1.0,1.0,1.0,1.0,1.0,1.0,0.0,1.0,1.0,1.0,1.0,0.0,1.0,0.0,0.0,0.0,1.0,0.0,0.0,0.0,0.0,0.0,1.0,0.0,0.0,1.0,1.0,1.0,0.0,0.0,0.0,0.0,1.0,0.0,0.0,0.0,0.0,0.0,0.0,0.0,0.0,0.0,0.0,0.0,0.0,0.0,0.0,1.0
4.0,0.03225806451612903,6.0,3.0,4.25,1.0897247358851685,0.0012167920221512443,0.2903981264637002,40.149999999999984,0.004837382196906866,2.0,2.0,1.0,2.0,1.0,2.0,5.0,3.0,3.0,0.16666666666666666,0.05714285714285714,0.005622130347069064,0.0001617142520559389,1.0,3.0,-0.49330118008270485,1.0,1.0,1.0,1.0,1.0,1.0,1.0,1.0,1.0,1.0,1.0,1.0,0.0,0.0,0.0,1.0,1.0,1.0,1.0,1.0,1.0,1.0,1.0,0.0,1.0,1.0,1.0,1.0,1.0,1.0,1.0,1.0,1.0,1.0,1.0,1.0,1.0,1.0,1.0,0.0,0.0,0.0,1.0,0.0,0.0,0.0,0.0,0.0,1.0,0.0,0.0,1.0,1.0,1.0,0.0,0.0,0.0,0.0,0.0,0.0,0.0,0.0,0.0,0.0,0.0,0.0,0.0,0.0,0.0,0.0,0.0,0.0,0.0,2.0
4.0,0.03225806451612903,23.0,2.0,8.0,8.689073598491383,0.004966239327915766,0.30617283950617286,43.016666666666666,0.006160152622674364,0.0,1.0,2.0,0.0,2.0,1.0,5.0,3.0,3.0,0.16666666666666666,0.025,0.005302132445347833,0.0007043131250815087,1.0,3.0,0.1249151455238918,1.0,1.0,1.0,1.0,1.0,1.0,1.0,1.0,1.0,1.0,1.0,1.0,0.0,0.0,0.0,1.0,1.0,1.0,1.0,1.0,1.0,1.0,1.0,0.0,1.0,1.0,1.0,1.0,1.0,1.0,1.0,1.0,1.0,1.0,1.0,1.0,1.0,1.0,1.0,0.0,0.0,0.0,1.0,0.0,0.0,0.0,0.0,0.0,1.0,0.0,0.0,1.0,1.0,1.0,0.0,0.0,0.0,0.0,1.0,0.0,0.0,0.0,0.0,0.0,0.0,0.0,0.0,0.0,0.0,0.0,0.0,0.0,0.0,2.0
6.0,0.04838709677419355,39.0,2.0,16.5,15.261607604268518,0.017371977476968097,0.36046511627906974,51.10000000000006,0.023723534417487074,0.0,0.0,3.0,0.0,0.0,0.0,8.0,3.0,5.0,0.13333333333333333,0.11352657004830918,0.006174598643460812,0.002474659202247848,2.0,3.0,0.6366321131289759,1.0,1.0,1.0,1.0,1.0,1.0,1.0,1.0,1.0,1.0,1.0,1.0,1.0,1.0,0.0,1.0,1.0,1.0,1.0,1.0,1.0,1.0,1.0,1.0,1.0,1.0,1.0,1.0,1.0,1.0,1.0,1.0,1.0,1.0,1.0,1.0,1.0,1.0,1.0,1.0,1.0,1.0,1.0,1.0,0.0,1.0,1.0,1.0,1.0,1.0,1.0,1.0,1.0,1.0,1.0,0.0,0.0,0.0,1.0,1.0,0.0,1.0,1.0,1.0,1.0,1.0,0.0,0.0,1.0,0.0,0.0,0.0,0.0,3.0
2.0,0.016129032258064516,6.0,4.0,5.0,1.0,0.0008648778332250018,0.27074235807860264,36.88333333333332,0.0002557065830907398,1.0,2.0,0.0,1.0,1.0,2.0,2.0,2.0,2.0,0.0,0.14285714285714285,0.0032014988329374184,0.00011798809868829728,0.0,2.0,-1.8313235887326231,1.0,1.0,1.0,0.0,1.0,1.0,1.0,0.0,1.0,0.0,0.0,1.0,0.0,0.0,0.0,1.0,1.0,1.0,1.0,1.0,0.0,1.0,1.0,0.0,0.0,0.0,1.0,0.0,0.0,1.0,1.0,0.0,0.0,1.0,1.0,1.0,1.0,0.0,1.0,0.0,0.0,0.0,1.0,0.0,0.0,0.0,0.0,0.0,1.0,0.0,0.0,0.0,0.0,1.0,0.0,0.0,0.0,0.0,0.0,0.0,0.0,0.0,0.0,0.0,0.0,0.0,0.0,0.0,0.0,0.0,0.0,0.0,0.0,3.0
4.0,0.03225806451612903,27.0,3.0,9.5,10.111874208078342,0.005644947746985659,0.3092269326683292,44.11666666666668,0.0064155814540151485,1.0,0.0,2.0,2.0,2.0,1.0,5.0,3.0,3.0,0.16666666666666666,0.010101010101010102,0.005381739469134499,0.0007977842105975244,1.0,2.0,-0.4579639463727395,1.0,1.0,1.0,1.0,1.0,1.0,1.0,1.0,1.0,1.0,1.0,1.0,0.0,0.0,0.0,1.0,1.0,1.0,1.0,1.0,1.0,1.0,1.0,0.0,1.0,1.0,1.0,1.0,1.0,1.0,1.0,1.0,1.0,1.0,1.0,1.0,1.0,1.0,1.0,0.0,0.0,0.0,1.0,0.0,0.0,0.0,0.0,0.0,1.0,0.0,0.0,1.0,1.0,1.0,0.0,0.0,0.0,0.0,1.0,0.0,0.0,0.0,0.0,0.0,0.0,0.0,0.0,0.0,0.0,0.0,0.0,0.0,0.0,1.0
3.0,0.024193548387096774,4.0,4.0,4.0,0.0,0.0007667456577939348,0.2725274725274725,37.53333333333332,0.0014795671028108928,2.0,2.0,0.0,1.0,1.0,2.0,4.0,3.0,2.0,0.3333333333333333,0.06666666666666667,0.004852631840587658,0.0001018557165620047,1.0,2.0,-0.06740993247720811,1.0,1.0,1.0,1.0,1.0,1.0,1.0,0.0,1.0,1.0,1.0,0.0,0.0,0.0,0.0,1.0,1.0,1.0,1.0,1.0,0.0,1.0,1.0,0.0,1.0,1.0,0.0,1.0,1.0,0.0,1.0,1.0,0.0,0.0,1.0,0.0,1.0,0.0,0.0,0.0,0.0,0.0,0.0,0.0,0.0,0.0,0.0,0.0,0.0,0.0,0.0,1.0,1.0,0.0,0.0,0.0,0.0,0.0,0.0,0.0,0.0,0.0,0.0,0.0,0.0,0.0,0.0,0.0,0.0,0.0,0.0,0.0,0.0,2.0
4.0,0.03225806451612903,36.0,2.0,11.25,14.306903927824496,0.006988748158869456,0.3333333333333333,46.58333333333336,0.015283896879133426,0.0,1.0,1.0,0.0,0.0,0.0,5.0,3.0,3.0,0.16666666666666666,0.01680672268907563,0.005690679279826551,0.000988720318794744,1.0,2.0,-0.9285156259192453,1.0,1.0,1.0,1.0,1.0,1.0,1.0,1.0,1.0,1.0,1.0,1.0,0.0,0.0,0.0,1.0,1.0,1.0,1.0,1.0,1.0,1.0,1.0,0.0,1.0,1.0,1.0,1.0,1.0,1.0,1.0,1.0,1.0,1.0,1.0,1.0,1.0,1.0,1.0,0.0,0.0,0.0,1.0,0.0,0.0,0.0,0.0,0.0,1.0,0.0,0.0,0.0,1.0,1.0,0.0,0.0,0.0,0.0,1.0,0.0,0.0,0.0,0.0,0.0,0.0,0.0,0.0,0.0,0.0,0.0,0.0,0.0,0.0,2.0
4.0,0.03225806451612903,36.0,2.0,11.25,14.306903927824496,0.006777224019961822,0.328042328042328,46.60000000000002,0.027700352569188246,1.0,0.0,1.0,0.0,0.0,0.0,4.0,2.0,4.0,0.0,0.00819672131147541,0.00611501788819584,0.0009578104305964155,0.0,2.0,-1.057148540085301,1.0,1.0,1.0,0.0,1.0,1.0,1.0,1.0,1.0,0.0,0.0,1.0,0.0,0.0,0.0,1.0,1.0,1.0,1.0,1.0,1.0,1.0,1.0,1.0,0.0,0.0,1.0,0.0,0.0,1.0,1.0,0.0,0.0,1.0,1.0,1.0,0.0,1.0,1.0,0.0,0.0,0.0,1.0,0.0,0.0,0.0,0.0,0.0,1.0,0.0,0.0,0.0,0.0,1.0,0.0,0.0,0.0,0.0,1.0,0.0,0.0,0.0,0.0,0.0,0.0,0.0,0.0,0.0,0.0,0.0,0.0,0.0,0.0,3.0
2.0,0.016129032258064516,4.0,4.0,4.0,0.0,0.0005406660287505915,0.26495726495726496,36.066666666666656,0.00026226068712300026,2.0,2.0,0.0,1.0,1.0,1.0,2.0,2.0,2.0,0.0,0.2,0.0037089449435777845,7.224581987849898e-05,0.0,2.0,1.4902439254414426,1.0,1.0,1.0,0.0,1.0,1.0,1.0,0.0,1.0,0.0,0.0,1.0,0.0,0.0,0.0,1.0,1.0,1.0,1.0,1.0,0.0,1.0,1.0,0.0,0.0,0.0,1.0,0.0,0.0,0.0,1.0,0.0,0.0,1.0,1.0,0.0,1.0,0.0,1.0,0.0,0.0,0.0,0.0,0.0,0.0,0.0,0.0,0.0,0.0,0.0,0.0,0.0,0.0,1.0,0.0,0.0,0.0,0.0,0.0,0.0,0.0,0.0,0.0,0.0,0.0,0.0,0.0,0.0,0.0,0.0,0.0,0.0,0.0,3.0


