degree, degree cent., max neighbor degree, min neighbor degree, avg neighbor degree, std neighbor degree, eigenvector cent., closeness cent., harmonic cent., betweenness cent., coloring largest first, coloring smallest last, coloring independent set, coloring random sequential,coloring connected sequential dfs, coloring connected sequential bfs, edges within egonet, node clique number, number of cliques, clustering coef., square clustering coef., page rank, hubs value, triangles, core number, random 
0.0,0.0,0.0,0.0,0.0,0.0,1.8231975378785786e-06,0.0,0.0,0.0,0.0,0.0,0.0,0.0,0.0,0.0,0.0,1.0,1.0,0.0,0.0,0.009146342936922933,0.0,0.0,0.0,-1.9848771261751046,
2.0,0.06896551724137931,2.0,1.0,1.5,0.5,0.41783676533593683,0.07836990595611286,3.083333333333333,0.009852216748768473,0.0,0.0,1.0,1.0,0.0,0.0,2.0,2.0,2.0,0.0,0.0,0.07295250303417938,0.5373567261922746,0.0,1.0,-1.767764075984907,
2.0,0.06896551724137931,2.0,1.0,1.5,0.5,0.41783676533593683,0.07836990595611286,3.083333333333333,0.009852216748768473,0.0,1.0,1.0,0.0,1.0,1.0,2.0,2.0,2.0,0.0,0.0,0.07295250303417938,-0.18046085830006503,0.0,1.0,0.3538585461090409,
0.0,0.0,0.0,0.0,0.0,0.0,1.8231975378785786e-06,0.0,0.0,0.0,0.0,0.0,0.0,0.0,0.0,0.0,0.0,1.0,1.0,0.0,0.0,0.009146342936922933,0.0,0.0,0.0,-1.4076437712389276,
1.0,0.034482758620689655,2.0,2.0,2.0,0.0,0.23192166600338246,0.05747126436781609,2.283333333333333,0.0,1.0,0.0,0.0,1.0,0.0,0.0,1.0,2.0,1.0,0.0,0.0,0.04014878023342765,0.2982104850322496,0.0,1.0,0.9336921204596721,
0.0,0.0,0.0,0.0,0.0,0.0,1.8231975378785786e-06,0.0,0.0,0.0,0.0,0.0,0.0,0.0,0.0,0.0,0.0,1.0,1.0,0.0,0.0,0.009146342936922933,0.0,0.0,0.0,-1.2071825801809635,
2.0,0.06896551724137931,2.0,2.0,2.0,0.0,0.5209622876709629,0.09578544061302684,3.333333333333333,0.014778325123152709,1.0,1.0,0.0,0.0,1.0,1.0,2.0,2.0,2.0,0.0,0.0,0.06982554094865724,-0.22503100956952918,0.0,1.0,1.1206404639391911,
0.0,0.0,0.0,0.0,0.0,0.0,1.8231975378785786e-06,0.0,0.0,0.0,0.0,0.0,0.0,0.0,0.0,0.0,0.0,1.0,1.0,0.0,0.0,0.009146342936922933,0.0,0.0,0.0,-0.5083030327417092,
0.0,0.0,0.0,0.0,0.0,0.0,1.8231975378785786e-06,0.0,0.0,0.0,0.0,0.0,0.0,0.0,0.0,0.0,0.0,1.0,1.0,0.0,0.0,0.009146342936922933,0.0,0.0,0.0,-1.726195186254073,
0.0,0.0,0.0,0.0,0.0,0.0,1.8231975378785786e-06,0.0,0.0,0.0,0.0,0.0,0.0,0.0,0.0,0.0,0.0,1.0,1.0,0.0,0.0,0.009146342936922933,0.0,0.0,0.0,0.6133509940594062,
0.0,0.0,0.0,0.0,0.0,0.0,1.8231975378785786e-06,0.0,0.0,0.0,0.0,0.0,0.0,0.0,0.0,0.0,0.0,1.0,1.0,0.0,0.0,0.009146342936922933,0.0,0.0,0.0,0.883110151049803,
0.0,0.0,0.0,0.0,0.0,0.0,1.8231975378785786e-06,0.0,0.0,0.0,0.0,0.0,0.0,0.0,0.0,0.0,0.0,1.0,1.0,0.0,0.0,0.009146342936922933,0.0,0.0,0.0,-0.26856750073407376,
1.0,0.034482758620689655,1.0,1.0,1.0,0.0,0.007467817115150658,0.034482758620689655,1.0,0.0,0.0,1.0,0.0,1.0,0.0,0.0,1.0,2.0,1.0,0.0,0.0,0.06097560807208807,2.3847475664260966e-17,0.0,1.0,-1.2480813890293958,
1.0,0.034482758620689655,1.0,1.0,1.0,0.0,0.007467817115150658,0.034482758620689655,1.0,0.0,1.0,0.0,1.0,0.0,1.0,1.0,1.0,2.0,1.0,0.0,0.0,0.06097560807208807,-7.227246511538247e-17,0.0,1.0,0.7621278061315754,
0.0,0.0,0.0,0.0,0.0,0.0,1.8231975378785786e-06,0.0,0.0,0.0,0.0,0.0,0.0,0.0,0.0,0.0,0.0,1.0,1.0,0.0,0.0,0.009146342936922933,0.0,0.0,0.0,-1.4079460791157221,
1.0,0.034482758620689655,1.0,1.0,1.0,0.0,0.007467817115150658,0.034482758620689655,1.0,0.0,0.0,1.0,0.0,1.0,1.0,1.0,1.0,2.0,1.0,0.0,0.0,0.06097560807208807,2.954704836732884e-17,0.0,1.0,1.9548027981133054,
0.0,0.0,0.0,0.0,0.0,0.0,1.8231975378785786e-06,0.0,0.0,0.0,0.0,0.0,0.0,0.0,0.0,0.0,0.0,1.0,1.0,0.0,0.0,0.009146342936922933,0.0,0.0,0.0,-0.41203111024025163,
1.0,0.034482758620689655,1.0,1.0,1.0,0.0,0.007467817115150658,0.034482758620689655,1.0,0.0,0.0,1.0,0.0,0.0,0.0,0.0,1.0,2.0,1.0,0.0,0.0,0.06097560807208807,-4.4320572550993263e-17,0.0,1.0,-2.018353991310297,
1.0,0.034482758620689655,2.0,2.0,2.0,0.0,0.23192166600338246,0.05747126436781609,2.283333333333333,0.0,1.0,1.0,0.0,0.0,1.0,1.0,1.0,2.0,1.0,0.0,0.0,0.04014878023342765,-0.10014822083708794,0.0,1.0,1.090217756166799,
0.0,0.0,0.0,0.0,0.0,0.0,1.8231975378785786e-06,0.0,0.0,0.0,0.0,0.0,0.0,0.0,0.0,0.0,0.0,1.0,1.0,0.0,0.0,0.009146342936922933,0.0,0.0,0.0,-0.9896379642208701,
0.0,0.0,0.0,0.0,0.0,0.0,1.8231975378785786e-06,0.0,0.0,0.0,0.0,0.0,0.0,0.0,0.0,0.0,0.0,1.0,1.0,0.0,0.0,0.009146342936922933,0.0,0.0,0.0,-0.8767568202309233,
1.0,0.034482758620689655,1.0,1.0,1.0,0.0,0.007467817115150658,0.034482758620689655,1.0,0.0,0.0,1.0,0.0,0.0,0.0,0.0,1.0,2.0,1.0,0.0,0.0,0.06097560807208807,1.8466905229580525e-18,0.0,1.0,-0.00670594281934043,
1.0,0.034482758620689655,1.0,1.0,1.0,0.0,0.007467817115150658,0.034482758620689655,1.0,0.0,1.0,0.0,1.0,1.0,1.0,1.0,1.0,2.0,1.0,0.0,0.0,0.06097560807208807,2.954704836732884e-17,0.0,1.0,1.171000605869051,
1.0,0.034482758620689655,1.0,1.0,1.0,0.0,0.007467817115150658,0.034482758620689655,1.0,0.0,1.0,0.0,1.0,1.0,1.0,1.0,1.0,2.0,1.0,0.0,0.0,0.06097560807208807,5.909409673465768e-17,0.0,1.0,0.39887837880716126,
0.0,0.0,0.0,0.0,0.0,0.0,1.8231975378785786e-06,0.0,0.0,0.0,0.0,0.0,0.0,0.0,0.0,0.0,0.0,1.0,1.0,0.0,0.0,0.009146342936922933,0.0,0.0,0.0,0.7043851533649137,
0.0,0.0,0.0,0.0,0.0,0.0,1.8231975378785786e-06,0.0,0.0,0.0,0.0,0.0,0.0,0.0,0.0,0.0,0.0,1.0,1.0,0.0,0.0,0.009146342936922933,0.0,0.0,0.0,0.2141909230192567,
2.0,0.06896551724137931,2.0,2.0,2.0,0.0,0.5209622876709629,0.09578544061302684,3.3333333333333335,0.014778325123152709,2.0,0.0,2.0,1.0,0.0,0.0,2.0,2.0,2.0,0.0,0.0,0.06982554094865724,0.6700728774821579,0.0,1.0,0.44985711538342105,
0.0,0.0,0.0,0.0,0.0,0.0,1.8231975378785786e-06,0.0,0.0,0.0,0.0,0.0,0.0,0.0,0.0,0.0,0.0,1.0,1.0,0.0,0.0,0.009146342936922933,0.0,0.0,0.0,-1.1904811029720077,
0.0,0.0,0.0,0.0,0.0,0.0,1.8231975378785786e-06,0.0,0.0,0.0,0.0,0.0,0.0,0.0,0.0,0.0,0.0,1.0,1.0,0.0,0.0,0.009146342936922933,0.0,0.0,0.0,-0.4354817902107034,
1.0,0.034482758620689655,1.0,1.0,1.0,0.0,0.007467817115150658,0.034482758620689655,1.0,0.0,1.0,0.0,1.0,0.0,0.0,0.0,1.0,2.0,1.0,0.0,0.0,0.06097560807208807,2.891257724438704e-17,0.0,1.0,-0.4100155633069201,


1.0,0.034482758620689655,1.0,1.0,1.0,0.0,0.00588999425086819,0.034482758620689655,1.0,0.0,0.0,1.0,0.0,1.0,0.0,0.0,1.0,2.0,1.0,0.0,0.0,0.05797101449275362,1.8969180101620484e-18,0.0,1.0,-0.8417170011554103,
0.0,0.0,0.0,0.0,0.0,0.0,3.5949671941334167e-07,0.0,0.0,0.0,0.0,0.0,0.0,0.0,0.0,0.0,0.0,1.0,1.0,0.0,0.0,0.008695652173913045,-0.0,0.0,0.0,-1.003166099722168,
0.0,0.0,0.0,0.0,0.0,0.0,3.5949671941334167e-07,0.0,0.0,0.0,0.0,0.0,0.0,0.0,0.0,0.0,0.0,1.0,1.0,0.0,0.0,0.008695652173913045,-0.0,0.0,0.0,-0.8305805043587023,
0.0,0.0,0.0,0.0,0.0,0.0,3.5949671941334167e-07,0.0,0.0,0.0,0.0,0.0,0.0,0.0,0.0,0.0,0.0,1.0,1.0,0.0,0.0,0.008695652173913045,-0.0,0.0,0.0,0.2276732175727017,
1.0,0.034482758620689655,1.0,1.0,1.0,0.0,0.00588999425086819,0.034482758620689655,1.0,0.0,0.0,1.0,0.0,1.0,0.0,0.0,1.0,2.0,1.0,0.0,0.0,0.05797101449275362,-1.783203641339135e-18,0.0,1.0,0.7919772019699449,
1.0,0.034482758620689655,2.0,2.0,2.0,0.0,0.2886251766514761,0.05517241379310345,2.083333333333333,0.0,0.0,1.0,0.0,0.0,0.0,0.0,1.0,2.0,1.0,0.0,0.0,0.03899163968921,0.16947005409511612,0.0,1.0,0.5860582707593229,
1.0,0.034482758620689655,1.0,1.0,1.0,0.0,0.00588999425086819,0.034482758620689655,1.0,0.0,0.0,1.0,0.0,0.0,1.0,1.0,1.0,2.0,1.0,0.0,0.0,0.05797101449275362,-3.793836020324097e-18,0.0,1.0,-0.44534826498741736,
0.0,0.0,0.0,0.0,0.0,0.0,3.5949671941334167e-07,0.0,0.0,0.0,0.0,0.0,0.0,0.0,0.0,0.0,0.0,1.0,1.0,0.0,0.0,0.008695652173913045,-0.0,0.0,0.0,1.6694539117033114,
0.0,0.0,0.0,0.0,0.0,0.0,3.5949671941334167e-07,0.0,0.0,0.0,0.0,0.0,0.0,0.0,0.0,0.0,0.0,1.0,1.0,0.0,0.0,0.008695652173913045,-0.0,0.0,0.0,-1.6419317014077244,
0.0,0.0,0.0,0.0,0.0,0.0,3.5949671941334167e-07,0.0,0.0,0.0,0.0,0.0,0.0,0.0,0.0,0.0,0.0,1.0,1.0,0.0,0.0,0.008695652173913045,-0.0,0.0,0.0,-0.402205040225214,
0.0,0.0,0.0,0.0,0.0,0.0,3.5949671941334167e-07,0.0,0.0,0.0,0.0,0.0,0.0,0.0,0.0,0.0,0.0,1.0,1.0,0.0,0.0,0.008695652173913045,-0.0,0.0,0.0,-0.30999280809059415,
1.0,0.034482758620689655,1.0,1.0,1.0,0.0,0.00588999425086819,0.034482758620689655,1.0,0.0,0.0,1.0,0.0,1.0,0.0,0.0,1.0,2.0,1.0,0.0,0.0,0.05797101449275362,-0.0,0.0,1.0,0.5827550300533474,
1.0,0.034482758620689655,1.0,1.0,1.0,0.0,0.00588999425086819,0.034482758620689655,1.0,0.0,1.0,0.0,1.0,0.0,1.0,1.0,1.0,2.0,1.0,0.0,0.0,0.05797101449275362,-3.0866756373472937e-18,0.0,1.0,-0.44632464916298464,
0.0,0.0,0.0,0.0,0.0,0.0,3.5949671941334167e-07,0.0,0.0,0.0,0.0,0.0,0.0,0.0,0.0,0.0,0.0,1.0,1.0,0.0,0.0,0.008695652173913045,-0.0,0.0,0.0,1.4662277638242964,
0.0,0.0,0.0,0.0,0.0,0.0,3.5949671941334167e-07,0.0,0.0,0.0,0.0,0.0,0.0,0.0,0.0,0.0,0.0,1.0,1.0,0.0,0.0,0.008695652173913045,-0.0,0.0,0.0,0.25534556263361313,
0.0,0.0,0.0,0.0,0.0,0.0,3.5949671941334167e-07,0.0,0.0,0.0,0.0,0.0,0.0,0.0,0.0,0.0,0.0,1.0,1.0,0.0,0.0,0.008695652173913045,-0.0,0.0,0.0,-0.9858795919896867,
2.0,0.06896551724137931,2.0,2.0,2.0,0.0,0.5772499938062327,0.09195402298850575,3.0,0.009852216748768473,0.0,1.0,0.0,0.0,0.0,0.0,2.0,2.0,2.0,0.0,0.0,0.06928762720450697,0.3389401081902322,0.0,1.0,-0.9937477653696655,
1.0,0.034482758620689655,1.0,1.0,1.0,0.0,0.00588999425086819,0.034482758620689655,1.0,0.0,1.0,0.0,1.0,0.0,1.0,1.0,1.0,2.0,1.0,0.0,0.0,0.05797101449275362,-0.0,0.0,1.0,0.7713292094549133,
2.0,0.06896551724137931,2.0,1.0,1.5,0.5,0.4999132620424375,0.07881773399014778,2.833333333333333,0.007389162561576354,1.0,0.0,1.0,1.0,1.0,1.0,2.0,2.0,2.0,0.0,0.0,0.07129208294042057,0.1610598918097678,0.0,1.0,-0.42276200572340594,
1.0,0.034482758620689655,1.0,1.0,1.0,0.0,0.00588999425086819,0.034482758620689655,1.0,0.0,0.0,1.0,0.0,0.0,0.0,0.0,1.0,2.0,1.0,0.0,0.0,0.05797101449275362,-3.793836020324097e-18,0.0,1.0,-1.568400000524092,
0.0,0.0,0.0,0.0,0.0,0.0,3.5949671941334167e-07,0.0,0.0,0.0,0.0,0.0,0.0,0.0,0.0,0.0,0.0,1.0,1.0,0.0,0.0,0.008695652173913045,-0.0,0.0,0.0,-0.1596181593126323,
0.0,0.0,0.0,0.0,0.0,0.0,3.5949671941334167e-07,0.0,0.0,0.0,0.0,0.0,0.0,0.0,0.0,0.0,0.0,1.0,1.0,0.0,0.0,0.008695652173913045,-0.0,0.0,0.0,1.4486971486104823,
0.0,0.0,0.0,0.0,0.0,0.0,3.5949671941334167e-07,0.0,0.0,0.0,0.0,0.0,0.0,0.0,0.0,0.0,0.0,1.0,1.0,0.0,0.0,0.008695652173913045,-0.0,0.0,0.0,0.33271203546411815,
1.0,0.034482758620689655,1.0,1.0,1.0,0.0,0.00588999425086819,0.034482758620689655,1.0,0.0,1.0,0.0,1.0,0.0,1.0,1.0,1.0,2.0,1.0,0.0,0.0,0.05797101449275362,-3.820868927861579e-18,0.0,1.0,-0.0046237198470243795,
0.0,0.0,0.0,0.0,0.0,0.0,3.5949671941334167e-07,0.0,0.0,0.0,0.0,0.0,0.0,0.0,0.0,0.0,0.0,1.0,1.0,0.0,0.0,0.008695652173913045,-0.0,0.0,0.0,-1.4417747412232753,
1.0,0.034482758620689655,1.0,1.0,1.0,0.0,0.00588999425086819,0.034482758620689655,1.0,0.0,1.0,0.0,1.0,1.0,0.0,0.0,1.0,2.0,1.0,0.0,0.0,0.05797101449275362,-1.644844587025406e-17,0.0,1.0,0.4679399697290428,
2.0,0.06896551724137931,2.0,1.0,1.5,0.5,0.4999132620424375,0.07881773399014778,2.8333333333333335,0.007389162561576354,1.0,0.0,1.0,1.0,1.0,1.0,2.0,2.0,2.0,0.0,0.0,0.07129208294042057,0.16105989180976782,0.0,1.0,-0.2660369051417281,
0.0,0.0,0.0,0.0,0.0,0.0,3.5949671941334167e-07,0.0,0.0,0.0,0.0,0.0,0.0,0.0,0.0,0.0,0.0,1.0,1.0,0.0,0.0,0.008695652173913045,-0.0,0.0,0.0,1.0434566309607514,
1.0,0.034482758620689655,2.0,2.0,2.0,0.0,0.2886251766514761,0.05517241379310345,2.0833333333333335,0.0,0.0,1.0,0.0,0.0,0.0,0.0,1.0,2.0,1.0,0.0,0.0,0.03899163968921,0.16947005409511606,0.0,1.0,-0.4300593117977339,
1.0,0.034482758620689655,1.0,1.0,1.0,0.0,0.00588999425086819,0.034482758620689655,1.0,0.0,1.0,0.0,1.0,1.0,1.0,1.0,1.0,2.0,1.0,0.0,0.0,0.05797101449275362,-3.793836020324097e-18,0.0,1.0,0.4490194539223801,


degree, degree cent., max neighbor degree, min neighbor degree, avg neighbor degree, std neighbor degree, eigenvector cent., closeness cent., harmonic cent., betweenness cent., coloring largest first, coloring smallest last, coloring independent set, coloring random sequential,coloring connected sequential dfs, coloring connected sequential bfs, edges within egonet, node clique number, number of cliques, clustering coef., square clustering coef., page rank, hubs value, triangles, core number, random 
0.0,0.0,0.0,0.0,0.0,0.0,8.256288530313108e-11,0.0,0.0,0.0,0.0,0.0,0.0,0.0,0.0,0.0,0.0,1.0,1.0,0.0,0.0,0.0079155672823219,0.0,0.0,0.0,-0.09233199527019527,
3.0,0.10344827586206896,2.0,1.0,1.3333333333333333,0.4714045207910317,0.5985204113290143,0.10775862068965518,3.833333333333333,0.017241379310344827,0.0,0.0,1.0,1.0,0.0,0.0,3.0,2.0,3.0,0.0,0.0,0.09084343432864171,0.769592347834799,0.0,1.0,0.39973903307149333,
1.0,0.034482758620689655,2.0,2.0,2.0,0.0,0.035790551481576394,0.05172413793103448,1.8333333333333333,0.0,0.0,0.0,0.0,0.0,0.0,0.0,1.0,2.0,1.0,0.0,0.0,0.037031893718465034,0.0,0.0,1.0,-1.8451948530255151,
1.0,0.034482758620689655,3.0,3.0,3.0,0.0,0.3146235368779453,0.07183908045977012,2.5833333333333335,0.0,1.0,1.0,0.0,0.0,1.0,1.0,1.0,2.0,1.0,0.0,0.0,0.033656229984085885,-0.05789014189127194,0.0,1.0,-0.8228850267289023,
1.0,0.034482758620689655,2.0,2.0,2.0,0.0,0.1946661903029502,0.061576354679802964,2.333333333333333,0.0,1.0,1.0,0.0,0.0,1.0,1.0,1.0,2.0,1.0,0.0,0.0,0.03477073729647266,-0.035778075302360296,0.0,1.0,0.00015757362957546329,
1.0,0.034482758620689655,3.0,3.0,3.0,0.0,0.3146235368779453,0.07183908045977012,2.5833333333333335,0.0,1.0,1.0,0.0,0.0,1.0,1.0,1.0,2.0,1.0,0.0,0.0,0.033656229984085885,-0.05789014189127194,0.0,1.0,-1.446852761099588,
0.0,0.0,0.0,0.0,0.0,0.0,8.256288530313108e-11,0.0,0.0,0.0,0.0,0.0,0.0,0.0,0.0,0.0,0.0,1.0,1.0,0.0,0.0,0.0079155672823219,0.0,0.0,0.0,-0.02344727203741343,
2.0,0.06896551724137931,2.0,1.0,1.5,0.5,0.37016240884185025,0.08620689655172414,3.1666666666666665,0.009852216748768473,0.0,0.0,1.0,1.0,0.0,0.0,2.0,2.0,2.0,0.0,0.0,0.06318465970135322,0.4756342284437376,0.0,1.0,-2.0785646923484227,
1.0,0.034482758620689655,1.0,1.0,1.0,0.0,0.00017314692003923195,0.034482758620689655,1.0,0.0,0.0,1.0,0.0,0.0,0.0,0.0,1.0,2.0,1.0,0.0,0.0,0.05277044854881266,3.3339869481679627e-18,0.0,1.0,-0.19051788711403145,
1.0,0.034482758620689655,2.0,2.0,2.0,0.0,0.0076967068512414265,0.04597701149425287,1.5,0.0,1.0,1.0,0.0,1.0,0.0,0.0,1.0,2.0,1.0,0.0,0.0,0.04064864931572028,1.2002353013404665e-16,0.0,1.0,-0.9401989269355486,
0.0,0.0,0.0,0.0,0.0,0.0,8.256288530313108e-11,0.0,0.0,0.0,0.0,0.0,0.0,0.0,0.0,0.0,0.0,1.0,1.0,0.0,0.0,0.0079155672823219,0.0,0.0,0.0,-0.5356690979517414,
1.0,0.034482758620689655,1.0,1.0,1.0,0.0,0.00017314692003923195,0.034482758620689655,1.0,0.0,0.0,1.0,0.0,0.0,1.0,1.0,1.0,2.0,1.0,0.0,0.0,0.05277044854881266,-2.6671895585343702e-17,0.0,1.0,0.8967889296054153,
1.0,0.034482758620689655,2.0,2.0,2.0,0.0,0.0076967068512414265,0.04597701149425287,1.5,0.0,1.0,1.0,0.0,1.0,0.0,0.0,1.0,2.0,1.0,0.0,0.0,0.04064864931572028,1.2002353013404665e-16,0.0,1.0,-0.1353344350300376,
2.0,0.06896551724137931,1.0,1.0,1.0,0.0,0.010884787214635547,0.06896551724137931,2.0,0.0024630541871921183,0.0,0.0,1.0,0.0,1.0,1.0,2.0,2.0,2.0,0.0,0.0,0.07701404701499748,1.333594779267185e-16,0.0,1.0,0.3074324899930887,
0.0,0.0,0.0,0.0,0.0,0.0,8.256288530313108e-11,0.0,0.0,0.0,0.0,0.0,0.0,0.0,0.0,0.0,0.0,1.0,1.0,0.0,0.0,0.0079155672823219,0.0,0.0,0.0,-0.18242353568114508,
0.0,0.0,0.0,0.0,0.0,0.0,8.256288530313108e-11,0.0,0.0,0.0,0.0,0.0,0.0,0.0,0.0,0.0,0.0,1.0,1.0,0.0,0.0,0.0079155672823219,0.0,0.0,0.0,-0.8842084401077048,
2.0,0.06896551724137931,2.0,1.0,1.5,0.5,0.05791032877329351,0.07758620689655173,2.5,0.0049261083743842365,0.0,0.0,0.0,0.0,0.0,0.0,2.0,2.0,2.0,0.0,0.0,0.06850900337916031,0.0,0.0,1.0,0.17913737157685972,
0.0,0.0,0.0,0.0,0.0,0.0,8.256288530313108e-11,0.0,0.0,0.0,0.0,0.0,0.0,0.0,0.0,0.0,0.0,1.0,1.0,0.0,0.0,0.0079155672823219,0.0,0.0,0.0,1.0243483336496098,
2.0,0.06896551724137931,2.0,1.0,1.5,0.5,0.05791032877329351,0.07758620689655173,2.5,0.0049261083743842365,1.0,1.0,1.0,1.0,1.0,1.0,2.0,2.0,2.0,0.0,0.0,0.06850900337916031,-1.8170228867515397e-16,0.0,1.0,-0.0439812177606677,
1.0,0.034482758620689655,1.0,1.0,1.0,0.0,0.00017314692003923195,0.034482758620689655,1.0,0.0,1.0,0.0,1.0,1.0,0.0,0.0,1.0,2.0,1.0,0.0,0.0,0.05277044854881266,0.0,0.0,1.0,-0.49099670791062444,
0.0,0.0,0.0,0.0,0.0,0.0,8.256288530313108e-11,0.0,0.0,0.0,0.0,0.0,0.0,0.0,0.0,0.0,0.0,1.0,1.0,0.0,0.0,0.0079155672823219,0.0,0.0,0.0,1.7948964740009652,
0.0,0.0,0.0,0.0,0.0,0.0,8.256288530313108e-11,0.0,0.0,0.0,0.0,0.0,0.0,0.0,0.0,0.0,0.0,1.0,1.0,0.0,0.0,0.0079155672823219,0.0,0.0,0.0,-0.04953833893677351,
0.0,0.0,0.0,0.0,0.0,0.0,8.256288530313108e-11,0.0,0.0,0.0,0.0,0.0,0.0,0.0,0.0,0.0,0.0,1.0,1.0,0.0,0.0,0.0079155672823219,0.0,0.0,0.0,0.40248776773606454,
0.0,0.0,0.0,0.0,0.0,0.0,8.256288530313108e-11,0.0,0.0,0.0,0.0,0.0,0.0,0.0,0.0,0.0,0.0,1.0,1.0,0.0,0.0,0.0079155672823219,0.0,0.0,0.0,1.5763781535073202,
1.0,0.034482758620689655,1.0,1.0,1.0,0.0,0.00017314692003923195,0.034482758620689655,1.0,0.0,1.0,0.0,1.0,1.0,1.0,1.0,1.0,2.0,1.0,0.0,0.0,0.05277044854881266,-2.6671895585343702e-17,0.0,1.0,-0.32159039613250795,
2.0,0.06896551724137931,3.0,2.0,2.5,0.5,0.5092897270983326,0.10775862068965518,3.5,0.014778325123152709,1.0,1.0,0.0,0.0,1.0,1.0,2.0,2.0,2.0,0.0,0.0,0.06051139999823664,-0.09366821719363223,0.0,1.0,-2.274276483613649,
0.0,0.0,0.0,0.0,0.0,0.0,8.256288530313108e-11,0.0,0.0,0.0,0.0,0.0,0.0,0.0,0.0,0.0,0.0,1.0,1.0,0.0,0.0,0.0079155672823219,0.0,0.0,0.0,0.7124522639466031,
1.0,0.034482758620689655,2.0,2.0,2.0,0.0,0.035790551481576394,0.05172413793103448,1.8333333333333333,0.0,1.0,1.0,1.0,1.0,1.0,1.0,1.0,2.0,1.0,0.0,0.0,0.037031893718465034,-1.2335751708221463e-16,0.0,1.0,-0.40162614374448163,
0.0,0.0,0.0,0.0,0.0,0.0,8.256288530313108e-11,0.0,0.0,0.0,0.0,0.0,0.0,0.0,0.0,0.0,0.0,1.0,1.0,0.0,0.0,0.0079155672823219,0.0,0.0,0.0,0.36527079953160035,
0.0,0.0,0.0,0.0,0.0,0.0,8.256288530313108e-11,0.0,0.0,0.0,0.0,0.0,0.0,0.0,0.0,0.0,0.0,1.0,1.0,0.0,0.0,0.0079155672823219,0.0,0.0,0.0,-2.139242346630366,


1.0,0.034482758620689655,2.0,2.0,2.0,0.0,0.02073637179678223,0.04597701149425287,1.5,0.0,1.0,0.0,0.0,0.0,0.0,0.0,1.0,2.0,1.0,0.0,0.0,0.04255791274904343,6.978253042816092e-18,0.0,1.0,0.30317129869770004,
0.0,0.0,0.0,0.0,0.0,0.0,6.197176353600376e-07,0.0,0.0,0.0,0.0,0.0,0.0,0.0,0.0,0.0,0.0,1.0,1.0,0.0,0.0,0.008287292817679561,0.0,0.0,0.0,0.16359709434084513,
1.0,0.034482758620689655,2.0,2.0,2.0,0.0,0.1796914663960904,0.07302231237322515,2.6666666666666665,0.0,0.0,1.0,0.0,0.0,0.0,0.0,1.0,2.0,1.0,0.0,0.0,0.03561160309646078,0.1304535204298388,0.0,1.0,1.1381798604765065,
1.0,0.034482758620689655,3.0,3.0,3.0,0.0,0.2807029620892352,0.08866995073891625,3.0,0.0,1.0,0.0,0.0,1.0,1.0,1.0,1.0,2.0,1.0,0.0,0.0,0.03402134377536911,0.01696428874024486,0.0,1.0,0.5521203074299653,
3.0,0.10344827586206896,3.0,1.0,2.0,0.816496580927726,0.5761459081355088,0.13793103448275862,4.5,0.027093596059113302,0.0,1.0,2.0,0.0,0.0,0.0,3.0,2.0,3.0,0.0,0.0,0.09082942316330822,0.4193193263107356,0.0,1.0,1.028669360006067,
1.0,0.034482758620689655,1.0,1.0,1.0,0.0,0.002538363434434714,0.034482758620689655,1.0,0.0,0.0,1.0,0.0,1.0,0.0,0.0,1.0,2.0,1.0,0.0,0.0,0.05524861878453037,0.0,0.0,1.0,0.622463043551656,
1.0,0.034482758620689655,1.0,1.0,1.0,0.0,0.002538363434434714,0.034482758620689655,1.0,0.0,0.0,1.0,0.0,0.0,1.0,1.0,1.0,2.0,1.0,0.0,0.0,0.05524861878453037,-3.489126521408046e-18,0.0,1.0,1.4030210773994631,
1.0,0.034482758620689655,1.0,1.0,1.0,0.0,0.002538363434434714,0.034482758620689655,1.0,0.0,1.0,0.0,1.0,0.0,1.0,1.0,1.0,2.0,1.0,0.0,0.0,0.05524861878453037,0.0,0.0,1.0,-0.2095378227304695,
0.0,0.0,0.0,0.0,0.0,0.0,6.197176353600376e-07,0.0,0.0,0.0,0.0,0.0,0.0,0.0,0.0,0.0,0.0,1.0,1.0,0.0,0.0,0.008287292817679561,0.0,0.0,0.0,-1.1396965078111165,
3.0,0.10344827586206896,3.0,1.0,1.6666666666666667,0.9428090415820634,0.5334622362824508,0.12413793103448276,4.333333333333333,0.022167487684729065,1.0,0.0,1.0,1.0,1.0,1.0,3.0,2.0,3.0,0.0,0.0,0.09281567051063142,0.032286636645041125,0.0,1.0,-1.2132637366426138,
0.0,0.0,0.0,0.0,0.0,0.0,6.197176353600376e-07,0.0,0.0,0.0,0.0,0.0,0.0,0.0,0.0,0.0,0.0,1.0,1.0,0.0,0.0,0.008287292817679561,0.0,0.0,0.0,-0.45545613985322964,
0.0,0.0,0.0,0.0,0.0,0.0,6.197176353600376e-07,0.0,0.0,0.0,0.0,0.0,0.0,0.0,0.0,0.0,0.0,1.0,1.0,0.0,0.0,0.008287292817679561,0.0,0.0,0.0,-1.0029145143432268,
0.0,0.0,0.0,0.0,0.0,0.0,6.197176353600376e-07,0.0,0.0,0.0,0.0,0.0,0.0,0.0,0.0,0.0,0.0,1.0,1.0,0.0,0.0,0.008287292817679561,0.0,0.0,0.0,-0.6677782158690418,
0.0,0.0,0.0,0.0,0.0,0.0,6.197176353600376e-07,0.0,0.0,0.0,0.0,0.0,0.0,0.0,0.0,0.0,0.0,1.0,1.0,0.0,0.0,0.008287292817679561,0.0,0.0,0.0,0.6783816581098552,
1.0,0.034482758620689655,1.0,1.0,1.0,0.0,0.002538363434434714,0.034482758620689655,1.0,0.0,0.0,1.0,0.0,0.0,1.0,1.0,1.0,2.0,1.0,0.0,0.0,0.05524861878453037,0.0,0.0,1.0,0.5006382972381336,
2.0,0.06896551724137931,3.0,1.0,2.0,1.0,0.36843514829188495,0.10344827586206896,3.666666666666667,0.012315270935960592,1.0,0.0,1.0,1.0,1.0,1.0,2.0,2.0,2.0,0.0,0.0,0.06429025413856458,0.022242011585085174,0.0,1.0,-0.6851406029754215,
0.0,0.0,0.0,0.0,0.0,0.0,6.197176353600376e-07,0.0,0.0,0.0,0.0,0.0,0.0,0.0,0.0,0.0,0.0,1.0,1.0,0.0,0.0,0.008287292817679561,0.0,0.0,0.0,0.28206903505694225,
0.0,0.0,0.0,0.0,0.0,0.0,6.197176353600376e-07,0.0,0.0,0.0,0.0,0.0,0.0,0.0,0.0,0.0,0.0,1.0,1.0,0.0,0.0,0.008287292817679561,0.0,0.0,0.0,-1.0571166234708627,
0.0,0.0,0.0,0.0,0.0,0.0,6.197176353600376e-07,0.0,0.0,0.0,0.0,0.0,0.0,0.0,0.0,0.0,0.0,1.0,1.0,0.0,0.0,0.008287292817679561,0.0,0.0,0.0,-0.008954889397802524,
1.0,0.034482758620689655,3.0,3.0,3.0,0.0,0.2596994919916127,0.08275862068965517,2.9166666666666665,0.0,0.0,1.0,0.0,0.0,0.0,0.0,1.0,2.0,1.0,0.0,0.0,0.034586018403689314,0.18936710814452726,0.0,1.0,-0.5194705582916744,
0.0,0.0,0.0,0.0,0.0,0.0,6.197176353600376e-07,0.0,0.0,0.0,0.0,0.0,0.0,0.0,0.0,0.0,0.0,1.0,1.0,0.0,0.0,0.008287292817679561,0.0,0.0,0.0,-0.1610601690471303,
1.0,0.034482758620689655,1.0,1.0,1.0,0.0,0.002538363434434714,0.034482758620689655,1.0,0.0,1.0,0.0,1.0,1.0,0.0,0.0,1.0,2.0,1.0,0.0,0.0,0.05524861878453037,0.0,0.0,1.0,0.9217532061966833,
1.0,0.034482758620689655,3.0,3.0,3.0,0.0,0.2596994919916127,0.08275862068965517,2.9166666666666665,0.0,0.0,1.0,0.0,0.0,0.0,0.0,1.0,2.0,1.0,0.0,0.0,0.034586018403689314,0.18936710814452726,0.0,1.0,-0.08718553990057788,
0.0,0.0,0.0,0.0,0.0,0.0,6.197176353600376e-07,0.0,0.0,0.0,0.0,0.0,0.0,0.0,0.0,0.0,0.0,1.0,1.0,0.0,0.0,0.008287292817679561,0.0,0.0,0.0,-0.9518424783677122,
2.0,0.06896551724137931,1.0,1.0,1.0,0.0,0.029325658222872353,0.06896551724137931,2.0,0.0024630541871921183,0.0,1.0,1.0,1.0,1.0,1.0,2.0,2.0,2.0,0.0,0.0,0.08063003085550438,-1.3956506085632184e-17,0.0,1.0,-2.187148849654308,
0.0,0.0,0.0,0.0,0.0,0.0,6.197176353600376e-07,0.0,0.0,0.0,0.0,0.0,0.0,0.0,0.0,0.0,0.0,1.0,1.0,0.0,0.0,0.008287292817679561,0.0,0.0,0.0,-0.05865984603581982,
1.0,0.034482758620689655,2.0,2.0,2.0,0.0,0.02073637179678223,0.04597701149425287,1.5,0.0,1.0,0.0,0.0,0.0,0.0,0.0,1.0,2.0,1.0,0.0,0.0,0.04255791274904343,6.978253042816092e-18,0.0,1.0,-1.1611081586247558,
1.0,0.034482758620689655,1.0,1.0,1.0,0.0,0.002538363434434714,0.034482758620689655,1.0,0.0,1.0,0.0,1.0,1.0,0.0,0.0,1.0,2.0,1.0,0.0,0.0,0.05524861878453037,0.0,0.0,1.0,-0.8698645258652377,
0.0,0.0,0.0,0.0,0.0,0.0,6.197176353600376e-07,0.0,0.0,0.0,0.0,0.0,0.0,0.0,0.0,0.0,0.0,1.0,1.0,0.0,0.0,0.008287292817679561,0.0,0.0,0.0,-0.8633623844628822,
0.0,0.0,0.0,0.0,0.0,0.0,6.197176353600376e-07,0.0,0.0,0.0,0.0,0.0,0.0,0.0,0.0,0.0,0.0,1.0,1.0,0.0,0.0,0.008287292817679561,0.0,0.0,0.0,-1.2080909776013673,


degree, degree cent., max neighbor degree, min neighbor degree, avg neighbor degree, std neighbor degree, eigenvector cent., closeness cent., harmonic cent., betweenness cent., coloring largest first, coloring smallest last, coloring independent set, coloring random sequential,coloring connected sequential dfs, coloring connected sequential bfs, edges within egonet, node clique number, number of cliques, clustering coef., square clustering coef., page rank, hubs value, triangles, core number, random 
0.0,0.0,0.0,0.0,0.0,0.0,4.108619561885721e-08,0.0,0.0,0.0,0.0,0.0,0.0,0.0,0.0,0.0,0.0,1.0,1.0,0.0,0.0,0.0079155672823219,0.0,0.0,0.0,0.18941604497950215,
0.0,0.0,0.0,0.0,0.0,0.0,4.108619561885721e-08,0.0,0.0,0.0,0.0,0.0,0.0,0.0,0.0,0.0,0.0,1.0,1.0,0.0,0.0,0.0079155672823219,0.0,0.0,0.0,1.750478466006812,
1.0,0.034482758620689655,2.0,2.0,2.0,0.0,0.00801283530056763,0.04597701149425287,1.5,0.0,1.0,0.0,0.0,0.0,0.0,0.0,1.0,2.0,1.0,0.0,0.0,0.04064864931572028,-1.5950675464820918e-16,0.0,1.0,-1.7696626985610246,
2.0,0.06896551724137931,2.0,2.0,2.0,0.0,0.27297105488288753,0.12668665667166415,5.2095238095238106,0.07389162561576355,0.0,1.0,1.0,1.0,0.0,0.0,2.0,2.0,2.0,0.0,0.0,0.05436999666138055,0.6377613763662963,0.0,1.0,0.481886245710209,
2.0,0.06896551724137931,2.0,2.0,2.0,0.0,0.27297105488288753,0.12668665667166415,5.209523809523809,0.07389162561576355,0.0,1.0,1.0,1.0,0.0,0.0,2.0,2.0,2.0,0.0,0.0,0.05436999666138055,0.637761376366296,0.0,1.0,1.1213586882474442,
2.0,0.06896551724137931,3.0,2.0,2.5,0.5,0.37915257539243735,0.1456896551724138,5.616666666666667,0.08866995073891626,1.0,0.0,0.0,0.0,1.0,1.0,2.0,2.0,2.0,0.0,0.0,0.05246732178234455,-0.5876025794598049,0.0,1.0,-0.11356345587389502,
3.0,0.10344827586206896,2.0,2.0,2.0,0.0,0.5248143964788858,0.16187739463601533,6.3999999999999995,0.1354679802955665,0.0,1.0,1.0,1.0,0.0,0.0,3.0,2.0,3.0,0.0,0.0,0.0756819039178348,1.275522752732592,0.0,1.0,-1.7474089660315957,
1.0,0.034482758620689655,2.0,2.0,2.0,0.0,0.060719727229675544,0.07667876588021778,3.3634920634920635,0.0,1.0,0.0,0.0,0.0,1.0,1.0,1.0,2.0,1.0,0.0,0.0,0.03373237687984646,-0.08113098589922177,0.0,1.0,-1.2745574935771407,
2.0,0.06896551724137931,2.0,1.0,1.5,0.5,0.12321750066095276,0.09105603448275862,4.338492063492064,0.029556650246305417,0.0,1.0,1.0,1.0,0.0,0.0,2.0,2.0,2.0,0.0,0.0,0.06074390605089934,0.26416941164865176,0.0,1.0,-0.4854088848816177,
0.0,0.0,0.0,0.0,0.0,0.0,4.108619561885721e-08,0.0,0.0,0.0,0.0,0.0,0.0,0.0,0.0,0.0,0.0,1.0,1.0,0.0,0.0,0.0079155672823219,0.0,0.0,0.0,-1.1528770460466236,
1.0,0.034482758620689655,2.0,2.0,2.0,0.0,0.10031174117246179,0.08829676071055381,3.602380952380952,0.0,1.0,0.0,0.0,0.0,1.0,1.0,1.0,2.0,1.0,0.0,0.0,0.03307629376961911,-0.16226197179844365,0.0,1.0,0.9326506347218039,
0.0,0.0,0.0,0.0,0.0,0.0,4.108619561885721e-08,0.0,0.0,0.0,0.0,0.0,0.0,0.0,0.0,0.0,0.0,1.0,1.0,0.0,0.0,0.0079155672823219,0.0,0.0,0.0,-0.012934371007769606,
0.0,0.0,0.0,0.0,0.0,0.0,4.108619561885721e-08,0.0,0.0,0.0,0.0,0.0,0.0,0.0,0.0,0.0,0.0,1.0,1.0,0.0,0.0,0.0079155672823219,0.0,0.0,0.0,0.2713578254523579,
2.0,0.06896551724137931,1.0,1.0,1.0,0.0,0.011331860355050153,0.06896551724137931,2.0,0.0024630541871921183,0.0,1.0,1.0,1.0,1.0,1.0,2.0,2.0,2.0,0.0,0.0,0.07701404701499748,-1.1298395120914816e-16,0.0,1.0,-1.4801988036307052,
2.0,0.06896551724137931,3.0,2.0,2.5,0.5,0.34872754907134806,0.13244514106583072,5.4,0.054187192118226604,1.0,0.0,0.0,0.0,1.0,1.0,2.0,2.0,2.0,0.0,0.0,0.05452014993484583,-0.553997024771647,0.0,1.0,-0.9730447423881395,
0.0,0.0,0.0,0.0,0.0,0.0,4.108619561885721e-08,0.0,0.0,0.0,0.0,0.0,0.0,0.0,0.0,0.0,0.0,1.0,1.0,0.0,0.0,0.0079155672823219,0.0,0.0,0.0,1.9958431866630157,
0.0,0.0,0.0,0.0,0.0,0.0,4.108619561885721e-08,0.0,0.0,0.0,0.0,0.0,0.0,0.0,0.0,0.0,0.0,1.0,1.0,0.0,0.0,0.0079155672823219,0.0,0.0,0.0,-0.9292203611315233,
2.0,0.06896551724137931,2.0,1.0,1.5,0.5,0.12321750066095276,0.09105603448275862,4.338492063492064,0.029556650246305417,0.0,1.0,1.0,1.0,0.0,0.0,2.0,2.0,2.0,0.0,0.0,0.06074390605089934,0.26416941164865165,0.0,1.0,-0.23100282807110895,
2.0,0.06896551724137931,2.0,2.0,2.0,0.0,0.19145645363703098,0.10791826309067688,4.83452380952381,0.054187192118226604,1.0,0.0,0.0,0.0,1.0,1.0,2.0,2.0,2.0,0.0,0.0,0.0568402752146424,-0.2769985123858234,0.0,1.0,0.45028755734444026,
1.0,0.034482758620689655,2.0,2.0,2.0,0.0,0.00801283530056763,0.04597701149425287,1.5,0.0,1.0,0.0,0.0,0.0,0.0,0.0,1.0,2.0,1.0,0.0,0.0,0.04064864931572028,-1.5950675464820918e-16,0.0,1.0,0.16816114701733406,
0.0,0.0,0.0,0.0,0.0,0.0,4.108619561885721e-08,0.0,0.0,0.0,0.0,0.0,0.0,0.0,0.0,0.0,0.0,1.0,1.0,0.0,0.0,0.0079155672823219,0.0,0.0,0.0,0.7770483315960164,
0.0,0.0,0.0,0.0,0.0,0.0,4.108619561885721e-08,0.0,0.0,0.0,0.0,0.0,0.0,0.0,0.0,0.0,0.0,1.0,1.0,0.0,0.0,0.0079155672823219,0.0,0.0,0.0,0.18396885680134611,
0.0,0.0,0.0,0.0,0.0,0.0,4.108619561885721e-08,0.0,0.0,0.0,0.0,0.0,0.0,0.0,0.0,0.0,0.0,1.0,1.0,0.0,0.0,0.0079155672823219,0.0,0.0,0.0,-2.2896333517254233,
2.0,0.06896551724137931,3.0,2.0,2.5,0.5,0.37915257539243735,0.1456896551724138,5.616666666666666,0.08866995073891626,1.0,0.0,0.0,0.0,1.0,1.0,2.0,2.0,2.0,0.0,0.0,0.05246732178234455,-0.5876025794598049,0.0,1.0,-2.6098702022270395,
0.0,0.0,0.0,0.0,0.0,0.0,4.108619561885721e-08,0.0,0.0,0.0,0.0,0.0,0.0,0.0,0.0,0.0,0.0,1.0,1.0,0.0,0.0,0.0079155672823219,0.0,0.0,0.0,-1.2082967123157984,
0.0,0.0,0.0,0.0,0.0,0.0,4.108619561885721e-08,0.0,0.0,0.0,0.0,0.0,0.0,0.0,0.0,0.0,0.0,1.0,1.0,0.0,0.0,0.0079155672823219,0.0,0.0,0.0,-1.3613692309106236,
2.0,0.06896551724137931,2.0,1.0,1.5,0.5,0.2122496431191916,0.10791826309067688,4.685714285714286,0.029556650246305417,0.0,1.0,1.0,1.0,0.0,0.0,2.0,2.0,2.0,0.0,0.0,0.05920017888285099,0.5283388232973034,0.0,1.0,-0.6984899176448506,
2.0,0.06896551724137931,2.0,2.0,2.0,0.0,0.19145645363703098,0.10791826309067688,4.83452380952381,0.054187192118226604,1.0,0.0,0.0,0.0,1.0,1.0,2.0,2.0,2.0,0.0,0.0,0.0568402752146424,-0.2769985123858234,0.0,1.0,-2.5348417995980905,
0.0,0.0,0.0,0.0,0.0,0.0,4.108619561885721e-08,0.0,0.0,0.0,0.0,0.0,0.0,0.0,0.0,0.0,0.0,1.0,1.0,0.0,0.0,0.0079155672823219,0.0,0.0,0.0,1.3797381387710843,
1.0,0.034482758620689655,2.0,2.0,2.0,0.0,0.060719727229675544,0.07667876588021778,3.3634920634920635,0.0,1.0,0.0,0.0,0.0,1.0,1.0,1.0,2.0,1.0,0.0,0.0,0.03373237687984646,-0.0811309858992218,0.0,1.0,-0.6656529370048181,


1.0,0.034482758620689655,1.0,1.0,1.0,0.0,0.0005876675755306468,0.034482758620689655,1.0,0.0,0.0,1.0,0.0,0.0,0.0,0.0,1.0,2.0,1.0,0.0,0.0,0.04158004158004158,-1.9486059488652135e-17,0.0,1.0,0.09262908352053142,
0.0,0.0,0.0,0.0,0.0,0.0,7.173676459114341e-08,0.0,0.0,0.0,0.0,0.0,0.0,0.0,0.0,0.0,0.0,1.0,1.0,0.0,0.0,0.006237006237006238,-0.0,0.0,0.0,1.1448035482527186,
1.0,0.034482758620689655,2.0,2.0,2.0,0.0,0.0057950393172017485,0.04597701149425287,1.5,0.0,1.0,0.0,0.0,1.0,0.0,0.0,1.0,2.0,1.0,0.0,0.0,0.03202487963300975,-2.0939909988039074e-17,0.0,1.0,-0.4882210676972429,
3.0,0.10344827586206896,2.0,2.0,2.0,0.0,0.3672032093817967,0.16866566716641682,6.816666666666667,0.13793103448275862,0.0,0.0,1.0,0.0,0.0,0.0,3.0,2.0,3.0,0.0,0.0,0.06096142009952461,0.25870304769395736,0.0,1.0,0.1149989136970861,
2.0,0.06896551724137931,2.0,2.0,2.0,0.0,0.1817682640666248,0.13376932223543403,5.492857142857144,0.06403940886699508,0.0,0.0,0.0,1.0,0.0,0.0,2.0,2.0,2.0,0.0,0.0,0.04407036748663182,0.1300472886679482,0.0,1.0,0.5689223402313812,
2.0,0.06896551724137931,3.0,3.0,3.0,0.0,0.37929200200363783,0.1847290640394089,6.616666666666665,0.1330049261083744,1.0,1.0,0.0,1.0,1.0,1.0,2.0,2.0,2.0,0.0,0.0,0.04017537187026228,-0.04719772333554705,0.0,1.0,-0.36354607709119985,
3.0,0.10344827586206896,3.0,2.0,2.3333333333333335,0.4714045207910317,0.47656110063776724,0.19396551724137934,7.283333333333333,0.17733990147783252,0.0,0.0,1.0,0.0,0.0,0.0,3.0,2.0,3.0,0.0,0.0,0.058821234385854654,0.350247493104058,0.0,1.0,0.24348923725991994,
1.0,0.034482758620689655,2.0,2.0,2.0,0.0,0.059786926082315346,0.09461732548359966,3.8563492063492064,0.0,1.0,1.0,0.0,0.0,1.0,1.0,1.0,2.0,1.0,0.0,0.0,0.026210131460992304,-0.006804831692078334,0.0,1.0,0.7472873410844282,
2.0,0.06896551724137931,3.0,1.0,2.0,1.0,0.20851997963413105,0.13376932223543403,5.492857142857143,0.034482758620689655,1.0,1.0,0.0,1.0,1.0,1.0,2.0,2.0,2.0,0.0,0.0,0.04510489187774923,-0.025131820786260795,0.0,1.0,-0.42153307905696846,
2.0,0.06896551724137931,2.0,1.0,1.5,0.5,0.13026019103871495,0.1140973630831643,4.977380952380953,0.034482758620689655,0.0,0.0,1.0,2.0,0.0,0.0,2.0,2.0,2.0,0.0,0.0,0.046995940552760795,0.08779673353035795,0.0,1.0,2.11321782833891,
0.0,0.0,0.0,0.0,0.0,0.0,7.173676459114341e-08,0.0,0.0,0.0,0.0,0.0,0.0,0.0,0.0,0.0,0.0,1.0,1.0,0.0,0.0,0.006237006237006238,-0.0,0.0,0.0,0.4365366979181554,
1.0,0.034482758620689655,2.0,2.0,2.0,0.0,0.09662891974691803,0.10484622553588072,4.120238095238095,0.0,1.0,1.0,0.0,0.0,1.0,1.0,1.0,2.0,1.0,0.0,0.0,0.025768201342745937,-0.012633500771155956,0.0,1.0,-1.0978534710813224,
0.0,0.0,0.0,0.0,0.0,0.0,7.173676459114341e-08,0.0,0.0,0.0,0.0,0.0,0.0,0.0,0.0,0.0,0.0,1.0,1.0,0.0,0.0,0.006237006237006238,-0.0,0.0,0.0,-0.6352634415836643,
2.0,0.06896551724137931,1.0,1.0,1.0,0.0,0.008195423197185999,0.06896551724137931,2.0,0.0024630541871921183,0.0,1.0,1.0,0.0,1.0,1.0,2.0,2.0,2.0,0.0,0.0,0.06069036547410525,7.269660772257531e-17,0.0,1.0,-0.4442745303312252,
1.0,0.034482758620689655,1.0,1.0,1.0,0.0,0.0005876675755306468,0.034482758620689655,1.0,0.0,0.0,1.0,0.0,1.0,1.0,1.0,1.0,2.0,1.0,0.0,0.0,0.04158004158004158,1.299070632576809e-17,0.0,1.0,-0.0860752267379372,
3.0,0.10344827586206896,3.0,1.0,2.0,0.816496580927726,0.38732099590697233,0.16163793103448276,6.683333333333334,0.09359605911330049,1.0,1.0,0.0,1.0,1.0,1.0,3.0,2.0,3.0,0.0,0.0,0.06287910879228982,-0.049859545763044986,0.0,1.0,0.6646989330368359,
1.0,0.034482758620689655,1.0,1.0,1.0,0.0,0.0005876675755306468,0.034482758620689655,1.0,0.0,1.0,0.0,1.0,0.0,0.0,0.0,1.0,2.0,1.0,0.0,0.0,0.04158004158004158,-6.589852400009952e-19,0.0,1.0,-0.35316784482613545,
0.0,0.0,0.0,0.0,0.0,0.0,7.173676459114341e-08,0.0,0.0,0.0,0.0,0.0,0.0,0.0,0.0,0.0,0.0,1.0,1.0,0.0,0.0,0.006237006237006238,-0.0,0.0,0.0,0.9078632574532002,
0.0,0.0,0.0,0.0,0.0,0.0,7.173676459114341e-08,0.0,0.0,0.0,0.0,0.0,0.0,0.0,0.0,0.0,0.0,1.0,1.0,0.0,0.0,0.006237006237006238,-0.0,0.0,0.0,0.9521926230920957,
1.0,0.034482758620689655,2.0,2.0,2.0,0.0,0.04859627775315533,0.09236453201970445,3.773015873015873,0.0,0.0,0.0,0.0,1.0,0.0,0.0,1.0,2.0,1.0,0.0,0.0,0.026376388301895266,0.03295161431035312,0.0,1.0,-0.16678301726026531,
2.0,0.06896551724137931,2.0,1.0,1.5,0.5,0.10533726081093073,0.11083743842364532,4.84404761904762,0.034482758620689655,1.0,1.0,1.0,0.0,1.0,1.0,2.0,2.0,2.0,0.0,0.0,0.047387102504383785,-0.012633500771155905,0.0,1.0,-0.9496718652448318,
1.0,0.034482758620689655,2.0,2.0,2.0,0.0,0.0057950393172017485,0.04597701149425287,1.5,0.0,1.0,0.0,0.0,1.0,0.0,0.0,1.0,2.0,1.0,0.0,0.0,0.03202487963300975,-2.0939909988039074e-17,0.0,1.0,0.08802547317606184,
2.0,0.06896551724137931,3.0,2.0,2.5,0.5,0.2960741269235048,0.16163793103448276,6.149999999999999,0.08866995073891626,1.0,1.0,2.0,2.0,1.0,1.0,2.0,2.0,2.0,0.0,0.0,0.041633083439056515,-0.037226044991889,0.0,1.0,0.02797204134310239,
2.0,0.06896551724137931,3.0,1.0,2.0,1.0,0.21627414999231692,0.12931034482758622,5.40952380952381,0.034482758620689655,0.0,0.0,1.0,2.0,0.0,0.0,2.0,2.0,2.0,0.0,0.0,0.04595559350993832,0.1629989029783015,0.0,1.0,0.25987065369945483,
2.0,0.06896551724137931,3.0,2.0,2.5,0.5,0.22561929831560515,0.13854679802955666,5.742857142857144,0.06403940886699508,1.0,1.0,0.0,1.0,1.0,1.0,2.0,2.0,2.0,0.0,0.0,0.04348244135285277,-0.026856041196090065,0.0,1.0,-1.1660795791369396,
0.0,0.0,0.0,0.0,0.0,0.0,7.173676459114341e-08,0.0,0.0,0.0,0.0,0.0,0.0,0.0,0.0,0.0,0.0,1.0,1.0,0.0,0.0,0.006237006237006238,-0.0,0.0,0.0,0.7875471534630345,
0.0,0.0,0.0,0.0,0.0,0.0,7.173676459114341e-08,0.0,0.0,0.0,0.0,0.0,0.0,0.0,0.0,0.0,0.0,1.0,1.0,0.0,0.0,0.006237006237006238,-0.0,0.0,0.0,-0.2106633201762991,
1.0,0.034482758620689655,3.0,3.0,3.0,0.0,0.17305992300261214,0.12513904338153506,4.742857142857144,0.0,0.0,0.0,1.0,0.0,0.0,0.0,1.0,2.0,1.0,0.0,0.0,0.024052694217268775,0.13004728866794835,0.0,1.0,0.2439488895953241,
1.0,0.034482758620689655,1.0,1.0,1.0,0.0,0.0005876675755306468,0.034482758620689655,1.0,0.0,1.0,0.0,1.0,1.0,1.0,1.0,1.0,2.0,1.0,0.0,0.0,0.04158004158004158,5.1962825303072373e-17,0.0,1.0,-0.17472034220826052,
1.0,0.034482758620689655,2.0,2.0,2.0,0.0,0.09428822085507364,0.10775862068965518,4.177380952380953,0.0,0.0,0.0,1.0,0.0,0.0,0.0,1.0,2.0,1.0,0.0,0.0,0.0254066940864584,0.0655506403542975,0.0,1.0,0.2640007198106201,


1.0,0.034482758620689655,2.0,2.0,2.0,0.0,0.2495330460539715,0.04597701149425287,1.5,0.0,1.0,1.0,0.0,0.0,0.0,0.0,1.0,2.0,1.0,0.0,0.0,0.04255717461875094,0.139532167196185,0.0,1.0,0.6806152067494108,
1.0,0.034482758620689655,2.0,2.0,2.0,0.0,0.2495330460539715,0.04597701149425287,1.5,0.0,1.0,0.0,0.0,0.0,0.0,0.0,1.0,2.0,1.0,0.0,0.0,0.04255717461875094,0.02504109582969028,0.0,1.0,0.024866132437614062,
1.0,0.034482758620689655,2.0,2.0,2.0,0.0,0.2495330460539715,0.04597701149425287,1.5,0.0,1.0,1.0,0.0,0.0,1.0,1.0,1.0,2.0,1.0,0.0,0.0,0.04255717461875094,0.2558258660691195,0.0,1.0,-0.2607273983762697,
1.0,0.034482758620689655,2.0,2.0,2.0,0.0,0.2495330460539715,0.04597701149425287,1.5,0.0,1.0,1.0,0.0,0.0,1.0,1.0,1.0,2.0,1.0,0.0,0.0,0.04255717461875094,0.2558258660691195,0.0,1.0,-0.003586799135139299,
1.0,0.034482758620689655,2.0,2.0,2.0,0.0,0.2495330460539715,0.04597701149425287,1.5,0.0,1.0,0.0,0.0,1.0,0.0,0.0,1.0,2.0,1.0,0.0,0.0,0.04255717461875094,0.03530603646928914,0.0,1.0,-0.036403026081439756,
0.0,0.0,0.0,0.0,0.0,0.0,7.457429426914062e-06,0.0,0.0,0.0,0.0,0.0,0.0,0.0,0.0,0.0,0.0,1.0,1.0,0.0,0.0,0.008287292817679561,-0.0,0.0,0.0,-0.4922956725639384,
2.0,0.06896551724137931,1.0,1.0,1.0,0.0,0.3528930179110004,0.06896551724137931,2.0,0.0024630541871921183,0.0,1.0,1.0,0.0,1.0,1.0,2.0,2.0,2.0,0.0,0.0,0.08063150711608937,-0.20828768894729535,0.0,1.0,-0.6528695544076835,
0.0,0.0,0.0,0.0,0.0,0.0,7.457429426914062e-06,0.0,0.0,0.0,0.0,0.0,0.0,0.0,0.0,0.0,0.0,1.0,1.0,0.0,0.0,0.008287292817679561,-0.0,0.0,0.0,-0.5311470277567661,
1.0,0.034482758620689655,2.0,2.0,2.0,0.0,0.2495330460539715,0.04597701149425287,1.5,0.0,1.0,1.0,0.0,0.0,0.0,0.0,1.0,2.0,1.0,0.0,0.0,0.04255717461875094,0.139532167196185,0.0,1.0,-0.10040393435310864,
2.0,0.06896551724137931,1.0,1.0,1.0,0.0,0.3528930179110004,0.06896551724137931,2.0,0.0024630541871921183,0.0,1.0,1.0,1.0,1.0,1.0,2.0,2.0,2.0,0.0,0.0,0.08063150711608937,0.16445259983239285,0.0,1.0,1.3838587503795752,
0.0,0.0,0.0,0.0,0.0,0.0,7.457429426914062e-06,0.0,0.0,0.0,0.0,0.0,0.0,0.0,0.0,0.0,0.0,1.0,1.0,0.0,0.0,0.008287292817679561,-0.0,0.0,0.0,-0.47056089143858315,
0.0,0.0,0.0,0.0,0.0,0.0,7.457429426914062e-06,0.0,0.0,0.0,0.0,0.0,0.0,0.0,0.0,0.0,0.0,1.0,1.0,0.0,0.0,0.008287292817679561,-0.0,0.0,0.0,2.7116439805007433,
0.0,0.0,0.0,0.0,0.0,0.0,7.457429426914062e-06,0.0,0.0,0.0,0.0,0.0,0.0,0.0,0.0,0.0,0.0,1.0,1.0,0.0,0.0,0.008287292817679561,-0.0,0.0,0.0,-0.2621951898792854,
1.0,0.034482758620689655,1.0,1.0,1.0,0.0,0.030545630932639997,0.034482758620689655,1.0,0.0,0.0,1.0,0.0,0.0,1.0,1.0,1.0,2.0,1.0,0.0,0.0,0.05524861878453037,-3.110269468545438e-17,0.0,1.0,-0.5099175234292068,
0.0,0.0,0.0,0.0,0.0,0.0,7.457429426914062e-06,0.0,0.0,0.0,0.0,0.0,0.0,0.0,0.0,0.0,0.0,1.0,1.0,0.0,0.0,0.008287292817679561,-0.0,0.0,0.0,0.14447874886680717,
1.0,0.034482758620689655,2.0,2.0,2.0,0.0,0.2495330460539715,0.04597701149425287,1.5,0.0,1.0,0.0,0.0,0.0,0.0,0.0,1.0,2.0,1.0,0.0,0.0,0.04255717461875094,0.02504109582969028,0.0,1.0,-0.7424212797242453,
0.0,0.0,0.0,0.0,0.0,0.0,7.457429426914062e-06,0.0,0.0,0.0,0.0,0.0,0.0,0.0,0.0,0.0,0.0,1.0,1.0,0.0,0.0,0.008287292817679561,-0.0,0.0,0.0,0.7060357859575319,
2.0,0.06896551724137931,1.0,1.0,1.0,0.0,0.3528930179110004,0.06896551724137931,2.0,0.0024630541871921183,0.0,0.0,1.0,1.0,0.0,0.0,2.0,2.0,2.0,0.0,0.0,0.08063150711608937,-0.3668511547714042,0.0,1.0,-1.4495821842385852,
0.0,0.0,0.0,0.0,0.0,0.0,7.457429426914062e-06,0.0,0.0,0.0,0.0,0.0,0.0,0.0,0.0,0.0,0.0,1.0,1.0,0.0,0.0,0.008287292817679561,-0.0,0.0,0.0,-0.7957461682661855,
0.0,0.0,0.0,0.0,0.0,0.0,7.457429426914062e-06,0.0,0.0,0.0,0.0,0.0,0.0,0.0,0.0,0.0,0.0,1.0,1.0,0.0,0.0,0.008287292817679561,-0.0,0.0,0.0,-1.389772146464542,
1.0,0.034482758620689655,2.0,2.0,2.0,0.0,0.2495330460539715,0.04597701149425287,1.5,0.0,1.0,0.0,0.0,1.0,0.0,0.0,1.0,2.0,1.0,0.0,0.0,0.04255717461875094,0.03530603646928914,0.0,1.0,-0.8320452837202689,
1.0,0.034482758620689655,1.0,1.0,1.0,0.0,0.030545630932639997,0.034482758620689655,1.0,0.0,1.0,0.0,1.0,1.0,0.0,0.0,1.0,2.0,1.0,0.0,0.0,0.05524861878453037,-5.2589249065228763e-17,0.0,1.0,1.019902757354048,
1.0,0.034482758620689655,1.0,1.0,1.0,0.0,0.030545630932639997,0.034482758620689655,1.0,0.0,0.0,1.0,0.0,0.0,1.0,1.0,1.0,2.0,1.0,0.0,0.0,0.05524861878453037,3.110269468545438e-17,0.0,1.0,-0.7944463038743128,
0.0,0.0,0.0,0.0,0.0,0.0,7.457429426914062e-06,0.0,0.0,0.0,0.0,0.0,0.0,0.0,0.0,0.0,0.0,1.0,1.0,0.0,0.0,0.008287292817679561,-0.0,0.0,0.0,0.610151486528962,
1.0,0.034482758620689655,1.0,1.0,1.0,0.0,0.030545630932639997,0.034482758620689655,1.0,0.0,1.0,0.0,1.0,1.0,0.0,0.0,1.0,2.0,1.0,0.0,0.0,0.05524861878453037,1.555134734272719e-17,0.0,1.0,-0.4336810382195541,
0.0,0.0,0.0,0.0,0.0,0.0,7.457429426914062e-06,0.0,0.0,0.0,0.0,0.0,0.0,0.0,0.0,0.0,0.0,1.0,1.0,0.0,0.0,0.008287292817679561,-0.0,0.0,0.0,0.6227043239420242,
0.0,0.0,0.0,0.0,0.0,0.0,7.457429426914062e-06,0.0,0.0,0.0,0.0,0.0,0.0,0.0,0.0,0.0,0.0,1.0,1.0,0.0,0.0,0.008287292817679561,-0.0,0.0,0.0,0.47705266019701326,
0.0,0.0,0.0,0.0,0.0,0.0,7.457429426914062e-06,0.0,0.0,0.0,0.0,0.0,0.0,0.0,0.0,0.0,0.0,1.0,1.0,0.0,0.0,0.008287292817679561,-0.0,0.0,0.0,-0.4376630154085541,
2.0,0.06896551724137931,1.0,1.0,1.0,0.0,0.3528930179110004,0.06896551724137931,2.0,0.0024630541871921183,0.0,0.0,1.0,1.0,1.0,1.0,2.0,2.0,2.0,0.0,0.0,0.08063150711608937,0.4992759127577389,0.0,1.0,0.4254820403028055,
0.0,0.0,0.0,0.0,0.0,0.0,7.457429426914062e-06,0.0,0.0,0.0,0.0,0.0,0.0,0.0,0.0,0.0,0.0,1.0,1.0,0.0,0.0,0.008287292817679561,-0.0,0.0,0.0,-0.7590311304162076,


